[1;34m[СБОРКА][0m Лог сборки: /home/alex/mint-src/output/logs/build-20260922-203012.log
[1;34m[СБОРКА][0m === Стадия: check (/home/alex/mint-src/scripts/01-prepare.sh) ===
[1;34m[СБОРКА][0m Проверка необходимых программ...
[1;34m[СБОРКА][0m Исходный ISO : /home/alex/mint-src/linuxmint-22.3-cinnamon-64bit.iso
[1;34m[СБОРКА][0m Рабочий каталог: /opt/mint-build/Alex Mint
[1;34m[СБОРКА][0m Будет собран   : /home/alex/mint-src/output/Alex Mint-1.0-amd64.iso
[1;32m[ГОТОВО][0m Стадия 01 завершена.
[1;32m[ГОТОВО][0m === Стадия 'check' выполнена ===
[1;34m[СБОРКА][0m === Стадия: extract (/home/alex/mint-src/scripts/02-extract.sh) ===
[1;34m[СБОРКА][0m Извлечение ISO: /home/alex/mint-src/linuxmint-22.3-cinnamon-64bit.iso -> /opt/mint-build/Alex Mint/iso (может занять несколько минут)...
xorriso 1.5.6 : RockRidge filesystem manipulator, libburnia project.

Copying of file objects from ISO image to disk filesystem is: Enabled
xorriso : NOTE : ISO image bears MBR with  -boot_image any partition_offset=16
xorriso : NOTE : Loading ISO image tree from LBA 0
xorriso : UPDATE :    1776 nodes read in 1 seconds
xorriso : NOTE : Detected El-Torito boot information which currently is set to be discarded
Drive current: -indev '/home/alex/mint-src/linuxmint-22.3-cinnamon-64bit.iso'
Media current: stdio file, overwriteable
Media status : is written , is appendable
Boot record  : El Torito , MBR isohybrid cyl-align-on GPT APM
Media summary: 1 session, 1509600 data blocks, 2948m data,  101g free
Volume id    : 'Linux Mint 22.3 Cinnamon 64-bit'
xorriso : UPDATE :     558 files restored (1073.7m) in 1 seconds , 812.8xD
xorriso : UPDATE :     558 files restored (2141.0m) in 2 seconds , 808.0xD
xorriso : UPDATE :    1509 files restored (2843.6m) in 3 seconds , 525.7xD
xorriso : UPDATE :    1776 files restored (2942.2m) in 3 seconds = 706.2xD
Extracted from ISO image: file '/'='/opt/mint-build/Alex Mint/iso'
[1;32m[ГОТОВО][0m Стадия 02 завершена. Образ извлечён в /opt/mint-build/Alex Mint/iso
[1;32m[ГОТОВО][0m === Стадия 'extract' выполнена ===
[1;34m[СБОРКА][0m === Стадия: packages (/home/alex/mint-src/scripts/03-modify-squashfs.sh) ===
[1;34m[СБОРКА][0m Распаковка filesystem.squashfs в /opt/mint-build/Alex Mint/rootfs...
[1;34m[СБОРКА][0m Монтируем системные разделы в chroot: /opt/mint-build/Alex Mint/rootfs
[1;34m[СБОРКА][0m apt-get update (репозитории Mint/Ubuntu)...
Get:1 http://security.ubuntu.com/ubuntu noble-security InRelease [126 kB]
Ign:2 http://packages.linuxmint.com zena InRelease
Get:3 http://security.ubuntu.com/ubuntu noble-security/main amd64 Packages [1028 kB]
Hit:4 http://archive.ubuntu.com/ubuntu noble InRelease
Get:5 http://packages.linuxmint.com zena Release [27.6 kB]
Get:6 http://security.ubuntu.com/ubuntu noble-security/main i386 Packages [360 kB]
Get:7 http://archive.ubuntu.com/ubuntu noble-updates InRelease [126 kB]
Get:8 http://security.ubuntu.com/ubuntu noble-security/main Translation-en [216 kB]
Get:9 http://security.ubuntu.com/ubuntu noble-security/main amd64 Components [46.3 kB]
Get:10 http://security.ubuntu.com/ubuntu noble-security/main amd64 c-n-f Metadata [11.9 kB]
Get:11 http://security.ubuntu.com/ubuntu noble-security/restricted amd64 Packages [1496 kB]
Get:12 http://security.ubuntu.com/ubuntu noble-security/restricted i386 Packages [27.0 kB]
Get:13 http://security.ubuntu.com/ubuntu noble-security/restricted Translation-en [343 kB]
Get:14 http://security.ubuntu.com/ubuntu noble-security/restricted amd64 Components [212 B]
Get:15 http://security.ubuntu.com/ubuntu noble-security/restricted amd64 c-n-f Metadata [444 B]
Get:16 http://security.ubuntu.com/ubuntu noble-security/universe amd64 Packages [1217 kB]
Get:17 http://security.ubuntu.com/ubuntu noble-security/universe i386 Packages [829 kB]
Get:18 http://security.ubuntu.com/ubuntu noble-security/universe Translation-en [244 kB]
Get:19 http://security.ubuntu.com/ubuntu noble-security/universe amd64 Components [76.2 kB]
Get:20 http://security.ubuntu.com/ubuntu noble-security/universe amd64 c-n-f Metadata [24.2 kB]
Get:21 http://security.ubuntu.com/ubuntu noble-security/multiverse amd64 Packages [40.3 kB]
Get:22 http://security.ubuntu.com/ubuntu noble-security/multiverse i386 Packages [10.9 kB]
Get:23 http://security.ubuntu.com/ubuntu noble-security/multiverse Translation-en [11.3 kB]
Get:24 http://security.ubuntu.com/ubuntu noble-security/multiverse amd64 Components [208 B]
Get:25 http://security.ubuntu.com/ubuntu noble-security/multiverse amd64 c-n-f Metadata [468 B]
Get:26 http://packages.linuxmint.com zena Release.gpg [833 B]
Get:27 http://packages.linuxmint.com zena/main i386 Packages [18.0 kB]
Get:28 http://archive.ubuntu.com/ubuntu noble-backports InRelease [126 kB]
Get:29 http://packages.linuxmint.com zena/main amd64 Packages [18.5 kB]
Get:30 http://packages.linuxmint.com zena/upstream amd64 Packages [50.4 kB]
Get:31 http://archive.ubuntu.com/ubuntu noble-updates/main i386 Packages [550 kB]
Get:32 http://packages.linuxmint.com zena/upstream i386 Packages [19.5 kB]
Get:33 http://packages.linuxmint.com zena/backport i386 Packages [6404 B]
Get:34 http://packages.linuxmint.com zena/backport amd64 Packages [27.8 kB]
Get:35 http://archive.ubuntu.com/ubuntu noble-updates/main amd64 Packages [1284 kB]
Get:36 http://archive.ubuntu.com/ubuntu noble-updates/main Translation-en [295 kB]
Get:37 http://archive.ubuntu.com/ubuntu noble-updates/main amd64 Components [181 kB]
Get:38 http://archive.ubuntu.com/ubuntu noble-updates/main amd64 c-n-f Metadata [17.7 kB]
Get:39 http://archive.ubuntu.com/ubuntu noble-updates/restricted i386 Packages [29.9 kB]
Get:40 http://archive.ubuntu.com/ubuntu noble-updates/restricted amd64 Packages [1596 kB]
Get:41 http://archive.ubuntu.com/ubuntu noble-updates/restricted Translation-en [362 kB]
Get:42 http://archive.ubuntu.com/ubuntu noble-updates/restricted amd64 Components [212 B]
Get:43 http://archive.ubuntu.com/ubuntu noble-updates/restricted amd64 c-n-f Metadata [456 B]
Get:44 http://archive.ubuntu.com/ubuntu noble-updates/universe i386 Packages [1145 kB]
Get:45 http://archive.ubuntu.com/ubuntu noble-updates/universe amd64 Packages [1697 kB]
Get:46 http://archive.ubuntu.com/ubuntu noble-updates/universe Translation-en [340 kB]
Get:47 http://archive.ubuntu.com/ubuntu noble-updates/universe amd64 Components [388 kB]
Get:48 http://archive.ubuntu.com/ubuntu noble-updates/universe amd64 c-n-f Metadata [34.9 kB]
Get:49 http://archive.ubuntu.com/ubuntu noble-updates/multiverse amd64 Packages [45.7 kB]
Get:50 http://archive.ubuntu.com/ubuntu noble-updates/multiverse i386 Packages [12.7 kB]
Get:51 http://archive.ubuntu.com/ubuntu noble-updates/multiverse Translation-en [13.1 kB]
Get:52 http://archive.ubuntu.com/ubuntu noble-updates/multiverse amd64 Components [940 B]
Get:53 http://archive.ubuntu.com/ubuntu noble-updates/multiverse amd64 c-n-f Metadata [656 B]
Get:54 http://archive.ubuntu.com/ubuntu noble-backports/main amd64 Packages [40.6 kB]
Get:55 http://archive.ubuntu.com/ubuntu noble-backports/main i386 Packages [33.1 kB]
Get:56 http://archive.ubuntu.com/ubuntu noble-backports/main Translation-en [9172 B]
Get:57 http://archive.ubuntu.com/ubuntu noble-backports/main amd64 Components [5748 B]
Get:58 http://archive.ubuntu.com/ubuntu noble-backports/main amd64 c-n-f Metadata [368 B]
Get:59 http://archive.ubuntu.com/ubuntu noble-backports/restricted amd64 Components [212 B]
Get:60 http://archive.ubuntu.com/ubuntu noble-backports/universe amd64 Packages [31.0 kB]
Get:61 http://archive.ubuntu.com/ubuntu noble-backports/universe i386 Packages [17.1 kB]
Get:62 http://archive.ubuntu.com/ubuntu noble-backports/universe Translation-en [18.6 kB]
Get:63 http://archive.ubuntu.com/ubuntu noble-backports/universe amd64 Components [12.6 kB]
Get:64 http://archive.ubuntu.com/ubuntu noble-backports/universe amd64 c-n-f Metadata [1588 B]
Get:65 http://archive.ubuntu.com/ubuntu noble-backports/multiverse amd64 Packages [748 B]
Get:66 http://archive.ubuntu.com/ubuntu noble-backports/multiverse i386 Packages [748 B]
Get:67 http://archive.ubuntu.com/ubuntu noble-backports/multiverse Translation-en [340 B]
Get:68 http://archive.ubuntu.com/ubuntu noble-backports/multiverse amd64 Components [212 B]
Fetched 14.7 MB in 7s (2098 kB/s)
Reading package lists...
[1;34m[СБОРКА][0m Удаляем из сборки: gnome-mines gnome-sudoku gnome-mahjongg quadrapassel tali four-in-a-row gnome-chess sgt-puzzles aisleriot libreoffice-core libreoffice-writer libreoffice-calc transmission-gtk firefox thunderbird
Reading package lists...
Building dependency tree...
Reading state information...
Package 'gnome-mines' is not installed, so not removed
Package 'gnome-sudoku' is not installed, so not removed
Package 'gnome-mahjongg' is not installed, so not removed
Package 'quadrapassel' is not installed, so not removed
Package 'tali' is not installed, so not removed
Package 'four-in-a-row' is not installed, so not removed
Package 'gnome-chess' is not installed, so not removed
Package 'sgt-puzzles' is not installed, so not removed
Package 'aisleriot' is not installed, so not removed
The following additional packages will be installed:
  libreoffice-base-core libreoffice-core-nogui python3-uno
Suggested packages:
  libreoffice-base
The following packages will be REMOVED:
  firefox* libreoffice-calc* libreoffice-core* libreoffice-draw*
  libreoffice-gnome* libreoffice-gtk3* libreoffice-impress*
  libreoffice-writer* mintchat* thunderbird* transmission-gtk*
The following NEW packages will be installed:
  libreoffice-core-nogui
The following packages will be upgraded:
  libreoffice-base-core python3-uno
2 upgraded, 1 newly installed, 11 to remove and 554 not upgraded.
Need to get 39.5 MB of archives.
After this operation, 699 MB disk space will be freed.
Get:1 http://archive.ubuntu.com/ubuntu noble-updates/main amd64 python3-uno amd64 4:24.2.7-0ubuntu0.24.04.6 [148 kB]
Get:2 http://archive.ubuntu.com/ubuntu noble-updates/main amd64 libreoffice-base-core amd64 4:24.2.7-0ubuntu0.24.04.6 [983 kB]
Get:3 http://archive.ubuntu.com/ubuntu noble-updates/universe amd64 libreoffice-core-nogui amd64 4:24.2.7-0ubuntu0.24.04.6 [38.4 MB]
Fetched 39.5 MB in 4s (9858 kB/s)
E: Can not write log (Is /dev/pts mounted?) - posix_openpt (19: No such device)
(Reading database ... 498468 files and directories currently installed.)
Removing mintchat (2.0) ...
Removing firefox (146.0.1+linuxmint1+zena) ...
Removing libreoffice-calc (4:24.2.7-0ubuntu0.24.04.4) ...
Removing libreoffice-writer (4:24.2.7-0ubuntu0.24.04.4) ...
Removing libreoffice-impress (4:24.2.7-0ubuntu0.24.04.4) ...
Removing libreoffice-draw (4:24.2.7-0ubuntu0.24.04.4) ...
Removing libreoffice-gnome (4:24.2.7-0ubuntu0.24.04.4) ...
Removing libreoffice-gtk3 (4:24.2.7-0ubuntu0.24.04.4) ...
(Reading database ... 498186 files and directories currently installed.)
Preparing to unpack .../python3-uno_4%3a24.2.7-0ubuntu0.24.04.6_amd64.deb ...
Unpacking python3-uno (4:24.2.7-0ubuntu0.24.04.6) over (4:24.2.7-0ubuntu0.24.04.4) ...
Preparing to unpack .../libreoffice-base-core_4%3a24.2.7-0ubuntu0.24.04.6_amd64.deb ...
Unpacking libreoffice-base-core (4:24.2.7-0ubuntu0.24.04.6) over (4:24.2.7-0ubuntu0.24.04.4) ...
dpkg: libreoffice-core: dependency problems, but removing anyway as you requested:
 python3-uno depends on libreoffice-core (= 4:24.2.7-0ubuntu0.24.04.6) | libreoffice-core-nogui (= 4:24.2.7-0ubuntu0.24.04.6); however:
  Package libreoffice-core is to be removed.
  Package libreoffice-core-nogui is not installed.
 libreoffice-base-core depends on libreoffice-core (= 4:24.2.7-0ubuntu0.24.04.6) | libreoffice-core-nogui (= 4:24.2.7-0ubuntu0.24.04.6); however:
  Package libreoffice-core is to be removed.
  Package libreoffice-core-nogui is not installed.

(Reading database ... 498186 files and directories currently installed.)
Removing libreoffice-core (4:24.2.7-0ubuntu0.24.04.4) ...
Selecting previously unselected package libreoffice-core-nogui.
(Reading database ... 498106 files and directories currently installed.)
Preparing to unpack .../libreoffice-core-nogui_4%3a24.2.7-0ubuntu0.24.04.6_amd64.deb ...
Unpacking libreoffice-core-nogui (4:24.2.7-0ubuntu0.24.04.6) ...
(Reading database ... 498179 files and directories currently installed.)
Removing thunderbird (1:140.6.0esr+linuxmint1+zena) ...
Removing transmission-gtk (4.0.5-1build5mint1+wilma) ...
Setting up libreoffice-core-nogui (4:24.2.7-0ubuntu0.24.04.6) ...
Setting up libreoffice-base-core (4:24.2.7-0ubuntu0.24.04.6) ...
Setting up python3-uno (4:24.2.7-0ubuntu0.24.04.6) ...
Processing triggers for desktop-file-utils (0.27-2build1) ...
Processing triggers for hicolor-icon-theme (0.17-2) ...
Processing triggers for gnome-menus (3.36.0-1.1ubuntu3) ...
Processing triggers for mate-menus (1.26.1+mint1) ...
Processing triggers for libc-bin (2.39-0ubuntu8.6) ...
Processing triggers for man-db (2.12.0-4build2) ...
Processing triggers for libreoffice-common (4:24.2.7-0ubuntu0.24.04.4) ...
Processing triggers for mintsystem (8.6.5) ...
Processing triggers for mailcap (3.70+nmu1ubuntu1) ...
(Reading database ... 497997 files and directories currently installed.)
Purging configuration files for libreoffice-gtk3 (4:24.2.7-0ubuntu0.24.04.4) ...
Purging configuration files for libreoffice-writer (4:24.2.7-0ubuntu0.24.04.4) ...
Purging configuration files for libreoffice-draw (4:24.2.7-0ubuntu0.24.04.4) ...
Purging configuration files for libreoffice-gnome (4:24.2.7-0ubuntu0.24.04.4) ...
Purging configuration files for libreoffice-impress (4:24.2.7-0ubuntu0.24.04.4) ...
Purging configuration files for mintchat (2.0) ...
Purging configuration files for libreoffice-core (4:24.2.7-0ubuntu0.24.04.4) ...
Purging configuration files for libreoffice-calc (4:24.2.7-0ubuntu0.24.04.4) ...
Reading package lists...
Building dependency tree...
Reading state information...
0 upgraded, 0 newly installed, 0 to remove and 554 not upgraded.
[1;34m[СБОРКА][0m Устанавливаем из репозиториев: htop iotop pdfarranger vlc
Reading package lists...
Building dependency tree...
Reading state information...
The following additional packages will be installed:
  fonts-freefont-ttf gir1.2-poppler-0.18 liba52-0.7.4 libaribb24-0t64 libcddb2
  libdca0 libdvbpsi10 libebml5 libfaad2 libixml11t64 libkate1 libmad0
  libmatroska7 libmpcdec6 libmpeg2-4 libopenmpt-modplug1 libpoppler-cpp0t64
  libpoppler-glib8t64 libpoppler134 libprotobuf-lite32t64 libprotobuf32t64
  libproxy-tools libqt5x11extras5 libresid-builder0c2a libsidplay2
  libspatialaudio0t64 libssh2-1t64 libupnp17t64 libvlc-bin libvlc5 libvlccore9
  libvncclient1 libxcb-composite0 poppler-utils python3-dateutil
  python3-deprecated python3-img2pdf python3-pikepdf python3-wrapt vlc-bin
  vlc-data vlc-l10n vlc-plugin-access-extra vlc-plugin-base vlc-plugin-notify
  vlc-plugin-qt vlc-plugin-samba vlc-plugin-skins2 vlc-plugin-video-output
  vlc-plugin-video-splitter vlc-plugin-visualization
Suggested packages:
  vlc-plugin-fluidsynth vlc-plugin-jack vlc-plugin-pipewire vlc-plugin-svg
  libdvdcss2
The following NEW packages will be installed:
  fonts-freefont-ttf gir1.2-poppler-0.18 htop iotop liba52-0.7.4
  libaribb24-0t64 libcddb2 libdca0 libdvbpsi10 libebml5 libfaad2 libixml11t64
  libkate1 libmad0 libmatroska7 libmpcdec6 libmpeg2-4 libopenmpt-modplug1
  libprotobuf-lite32t64 libproxy-tools libqt5x11extras5 libresid-builder0c2a
  libsidplay2 libspatialaudio0t64 libssh2-1t64 libupnp17t64 libvlc-bin libvlc5
  libvlccore9 libvncclient1 libxcb-composite0 pdfarranger python3-dateutil
  python3-deprecated python3-img2pdf python3-pikepdf python3-wrapt vlc vlc-bin
  vlc-data vlc-l10n vlc-plugin-access-extra vlc-plugin-base vlc-plugin-notify
  vlc-plugin-qt vlc-plugin-samba vlc-plugin-skins2 vlc-plugin-video-output
  vlc-plugin-video-splitter vlc-plugin-visualization
The following packages will be upgraded:
  libpoppler-cpp0t64 libpoppler-glib8t64 libpoppler134 libprotobuf32t64
  poppler-utils
5 upgraded, 50 newly installed, 0 to remove and 549 not upgraded.
Need to get 23.4 MB of archives.
After this operation, 89.2 MB of additional disk space will be used.
Get:1 http://archive.ubuntu.com/ubuntu noble/main amd64 fonts-freefont-ttf all 20211204+svn4273-2 [5641 kB]
Get:2 http://archive.ubuntu.com/ubuntu noble-updates/main amd64 libpoppler-cpp0t64 amd64 24.02.0-1ubuntu9.9 [41.3 kB]
Get:3 http://archive.ubuntu.com/ubuntu noble-updates/main amd64 poppler-utils amd64 24.02.0-1ubuntu9.9 [212 kB]
Get:4 http://archive.ubuntu.com/ubuntu noble-updates/main amd64 libpoppler-glib8t64 amd64 24.02.0-1ubuntu9.9 [157 kB]
Get:5 http://archive.ubuntu.com/ubuntu noble-updates/main amd64 libpoppler134 amd64 24.02.0-1ubuntu9.9 [1118 kB]
Get:6 http://archive.ubuntu.com/ubuntu noble-updates/main amd64 gir1.2-poppler-0.18 amd64 24.02.0-1ubuntu9.9 [26.3 kB]
Get:7 http://archive.ubuntu.com/ubuntu noble/main amd64 htop amd64 3.3.0-4build1 [171 kB]
Get:8 http://archive.ubuntu.com/ubuntu noble/main amd64 iotop amd64 0.6-42-ga14256a-0.2build1 [24.4 kB]
Get:9 http://archive.ubuntu.com/ubuntu noble/universe amd64 liba52-0.7.4 amd64 0.7.4-20build1 [35.3 kB]
Get:10 http://archive.ubuntu.com/ubuntu noble/universe amd64 libaribb24-0t64 amd64 1.0.3-2.1build2 [31.0 kB]
Get:11 http://archive.ubuntu.com/ubuntu noble/universe amd64 libcddb2 amd64 1.3.2-7fakesync1build1 [35.4 kB]
Get:12 http://archive.ubuntu.com/ubuntu noble/universe amd64 libdvbpsi10 amd64 1.3.3-1build1 [50.4 kB]
Get:13 http://archive.ubuntu.com/ubuntu noble/universe amd64 libebml5 amd64 1.4.5-1 [49.1 kB]
Get:14 http://archive.ubuntu.com/ubuntu noble/universe amd64 libfaad2 amd64 2.11.1-1build1 [207 kB]
Get:15 http://archive.ubuntu.com/ubuntu noble/universe amd64 libixml11t64 amd64 1:1.14.18-1.1ubuntu2 [25.3 kB]
Get:16 http://archive.ubuntu.com/ubuntu noble/universe amd64 libkate1 amd64 0.4.1-11build2 [45.3 kB]
Get:17 http://archive.ubuntu.com/ubuntu noble/universe amd64 libmad0 amd64 0.15.1b-10.2ubuntu1 [65.5 kB]
Get:18 http://archive.ubuntu.com/ubuntu noble/universe amd64 libmatroska7 amd64 1.7.1-1build1 [123 kB]
Get:19 http://archive.ubuntu.com/ubuntu noble/universe amd64 libmpcdec6 amd64 2:0.1~r495-2build1 [32.7 kB]
Get:20 http://archive.ubuntu.com/ubuntu noble/universe amd64 libmpeg2-4 amd64 0.5.1-9build1 [54.8 kB]
Get:21 http://archive.ubuntu.com/ubuntu noble/universe amd64 libopenmpt-modplug1 amd64 0.8.9.0-openmpt1-2build2 [23.1 kB]
Get:22 http://archive.ubuntu.com/ubuntu noble-updates/main amd64 libprotobuf-lite32t64 amd64 3.21.12-8.2ubuntu0.3 [238 kB]
Get:23 http://archive.ubuntu.com/ubuntu noble-updates/main amd64 libprotobuf32t64 amd64 3.21.12-8.2ubuntu0.3 [923 kB]
Get:24 http://archive.ubuntu.com/ubuntu noble/universe amd64 libproxy-tools amd64 0.5.4-4build1 [7120 B]
Get:25 http://archive.ubuntu.com/ubuntu noble/universe amd64 libqt5x11extras5 amd64 5.15.13-1 [10.9 kB]
Get:26 http://archive.ubuntu.com/ubuntu noble/universe amd64 libresid-builder0c2a amd64 2.1.1-15ubuntu3 [31.7 kB]
Get:27 http://archive.ubuntu.com/ubuntu noble/universe amd64 libsidplay2 amd64 2.1.1-15ubuntu3 [99.1 kB]
Get:28 http://archive.ubuntu.com/ubuntu noble/universe amd64 libspatialaudio0t64 amd64 0.3.0+git20180730+dfsg1-2.1build1 [36.0 kB]
Get:29 http://archive.ubuntu.com/ubuntu noble-updates/main amd64 libssh2-1t64 amd64 1.11.0-4.1ubuntu0.24.04.4 [121 kB]
Get:30 http://archive.ubuntu.com/ubuntu noble/universe amd64 libupnp17t64 amd64 1:1.14.18-1.1ubuntu2 [96.5 kB]
Get:31 http://archive.ubuntu.com/ubuntu noble/universe amd64 libvlccore9 amd64 3.0.20-3build6 [475 kB]
Get:32 http://archive.ubuntu.com/ubuntu noble/universe amd64 libvlc5 amd64 3.0.20-3build6 [73.9 kB]
Get:33 http://archive.ubuntu.com/ubuntu noble/universe amd64 libvlc-bin amd64 3.0.20-3build6 [17.7 kB]
Get:34 http://archive.ubuntu.com/ubuntu noble-updates/main amd64 libvncclient1 amd64 0.9.14+dfsg-1ubuntu0.2 [76.9 kB]
Get:35 http://archive.ubuntu.com/ubuntu noble/main amd64 libxcb-composite0 amd64 1.15-1ubuntu2 [5304 B]
Get:36 http://archive.ubuntu.com/ubuntu noble/main amd64 python3-dateutil all 2.8.2-3ubuntu1 [79.4 kB]
Get:37 http://archive.ubuntu.com/ubuntu noble/main amd64 python3-wrapt amd64 1.15.0-2build3 [34.8 kB]
Get:38 http://archive.ubuntu.com/ubuntu noble/universe amd64 python3-deprecated all 1.2.14-1 [10.5 kB]
Get:39 http://archive.ubuntu.com/ubuntu noble/universe amd64 python3-pikepdf amd64 8.7.1+dfsg-2build2 [598 kB]
Get:40 http://archive.ubuntu.com/ubuntu noble/universe amd64 pdfarranger all 1.10.1-1 [158 kB]
Get:41 http://archive.ubuntu.com/ubuntu noble/universe amd64 python3-img2pdf all 0.5.1-1 [43.5 kB]
Get:42 http://archive.ubuntu.com/ubuntu noble/universe amd64 vlc-bin amd64 3.0.20-3build6 [55.6 kB]
Get:43 http://archive.ubuntu.com/ubuntu noble/universe amd64 vlc-data all 3.0.20-3build6 [354 kB]
Get:44 http://archive.ubuntu.com/ubuntu noble/universe amd64 libdca0 amd64 0.0.7-2build1 [93.8 kB]
Get:45 http://archive.ubuntu.com/ubuntu noble/universe amd64 vlc-plugin-base amd64 3.0.20-3build6 [3138 kB]
Get:46 http://archive.ubuntu.com/ubuntu noble/universe amd64 vlc-plugin-qt amd64 3.0.20-3build6 [1106 kB]
Get:47 http://archive.ubuntu.com/ubuntu noble/universe amd64 vlc-plugin-video-output amd64 3.0.20-3build6 [159 kB]
Get:48 http://archive.ubuntu.com/ubuntu noble/universe amd64 vlc amd64 3.0.20-3build6 [36.6 kB]
Get:49 http://archive.ubuntu.com/ubuntu noble/universe amd64 vlc-l10n all 3.0.20-3build6 [6512 kB]
Get:50 http://archive.ubuntu.com/ubuntu noble/universe amd64 vlc-plugin-access-extra amd64 3.0.20-3build6 [35.7 kB]
Get:51 http://archive.ubuntu.com/ubuntu noble/universe amd64 vlc-plugin-notify amd64 3.0.20-3build6 [19.1 kB]
Get:52 http://archive.ubuntu.com/ubuntu noble/universe amd64 vlc-plugin-samba amd64 3.0.20-3build6 [19.8 kB]
Get:53 http://archive.ubuntu.com/ubuntu noble/universe amd64 vlc-plugin-skins2 amd64 3.0.20-3build6 [479 kB]
Get:54 http://archive.ubuntu.com/ubuntu noble/universe amd64 vlc-plugin-video-splitter amd64 3.0.20-3build6 [46.9 kB]
Get:55 http://archive.ubuntu.com/ubuntu noble/universe amd64 vlc-plugin-visualization amd64 3.0.20-3build6 [44.3 kB]
Fetched 23.4 MB in 4s (5910 kB/s)
E: Can not write log (Is /dev/pts mounted?) - posix_openpt (19: No such device)
Selecting previously unselected package fonts-freefont-ttf.
(Reading database ... 497985 files and directories currently installed.)
Preparing to unpack .../00-fonts-freefont-ttf_20211204+svn4273-2_all.deb ...
Unpacking fonts-freefont-ttf (20211204+svn4273-2) ...
Preparing to unpack .../01-libpoppler-cpp0t64_24.02.0-1ubuntu9.9_amd64.deb ...
Unpacking libpoppler-cpp0t64:amd64 (24.02.0-1ubuntu9.9) over (24.02.0-1ubuntu9.8) ...
Preparing to unpack .../02-poppler-utils_24.02.0-1ubuntu9.9_amd64.deb ...
Unpacking poppler-utils (24.02.0-1ubuntu9.9) over (24.02.0-1ubuntu9.8) ...
Preparing to unpack .../03-libpoppler-glib8t64_24.02.0-1ubuntu9.9_amd64.deb ...
Unpacking libpoppler-glib8t64:amd64 (24.02.0-1ubuntu9.9) over (24.02.0-1ubuntu9.8) ...
Preparing to unpack .../04-libpoppler134_24.02.0-1ubuntu9.9_amd64.deb ...
Unpacking libpoppler134:amd64 (24.02.0-1ubuntu9.9) over (24.02.0-1ubuntu9.8) ...
Selecting previously unselected package gir1.2-poppler-0.18:amd64.
Preparing to unpack .../05-gir1.2-poppler-0.18_24.02.0-1ubuntu9.9_amd64.deb ...
Unpacking gir1.2-poppler-0.18:amd64 (24.02.0-1ubuntu9.9) ...
Selecting previously unselected package htop.
Preparing to unpack .../06-htop_3.3.0-4build1_amd64.deb ...
Unpacking htop (3.3.0-4build1) ...
Selecting previously unselected package iotop.
Preparing to unpack .../07-iotop_0.6-42-ga14256a-0.2build1_amd64.deb ...
Unpacking iotop (0.6-42-ga14256a-0.2build1) ...
Selecting previously unselected package liba52-0.7.4:amd64.
Preparing to unpack .../08-liba52-0.7.4_0.7.4-20build1_amd64.deb ...
Unpacking liba52-0.7.4:amd64 (0.7.4-20build1) ...
Selecting previously unselected package libaribb24-0t64:amd64.
Preparing to unpack .../09-libaribb24-0t64_1.0.3-2.1build2_amd64.deb ...
Unpacking libaribb24-0t64:amd64 (1.0.3-2.1build2) ...
Selecting previously unselected package libcddb2.
Preparing to unpack .../10-libcddb2_1.3.2-7fakesync1build1_amd64.deb ...
Unpacking libcddb2 (1.3.2-7fakesync1build1) ...
Selecting previously unselected package libdvbpsi10:amd64.
Preparing to unpack .../11-libdvbpsi10_1.3.3-1build1_amd64.deb ...
Unpacking libdvbpsi10:amd64 (1.3.3-1build1) ...
Selecting previously unselected package libebml5:amd64.
Preparing to unpack .../12-libebml5_1.4.5-1_amd64.deb ...
Unpacking libebml5:amd64 (1.4.5-1) ...
Selecting previously unselected package libfaad2:amd64.
Preparing to unpack .../13-libfaad2_2.11.1-1build1_amd64.deb ...
Unpacking libfaad2:amd64 (2.11.1-1build1) ...
Selecting previously unselected package libixml11t64:amd64.
Preparing to unpack .../14-libixml11t64_1%3a1.14.18-1.1ubuntu2_amd64.deb ...
Unpacking libixml11t64:amd64 (1:1.14.18-1.1ubuntu2) ...
Selecting previously unselected package libkate1:amd64.
Preparing to unpack .../15-libkate1_0.4.1-11build2_amd64.deb ...
Unpacking libkate1:amd64 (0.4.1-11build2) ...
Selecting previously unselected package libmad0:amd64.
Preparing to unpack .../16-libmad0_0.15.1b-10.2ubuntu1_amd64.deb ...
Unpacking libmad0:amd64 (0.15.1b-10.2ubuntu1) ...
Selecting previously unselected package libmatroska7:amd64.
Preparing to unpack .../17-libmatroska7_1.7.1-1build1_amd64.deb ...
Unpacking libmatroska7:amd64 (1.7.1-1build1) ...
Selecting previously unselected package libmpcdec6:amd64.
Preparing to unpack .../18-libmpcdec6_2%3a0.1~r495-2build1_amd64.deb ...
Unpacking libmpcdec6:amd64 (2:0.1~r495-2build1) ...
Selecting previously unselected package libmpeg2-4:amd64.
Preparing to unpack .../19-libmpeg2-4_0.5.1-9build1_amd64.deb ...
Unpacking libmpeg2-4:amd64 (0.5.1-9build1) ...
Selecting previously unselected package libopenmpt-modplug1:amd64.
Preparing to unpack .../20-libopenmpt-modplug1_0.8.9.0-openmpt1-2build2_amd64.deb ...
Unpacking libopenmpt-modplug1:amd64 (0.8.9.0-openmpt1-2build2) ...
Selecting previously unselected package libprotobuf-lite32t64:amd64.
Preparing to unpack .../21-libprotobuf-lite32t64_3.21.12-8.2ubuntu0.3_amd64.deb ...
Unpacking libprotobuf-lite32t64:amd64 (3.21.12-8.2ubuntu0.3) ...
Preparing to unpack .../22-libprotobuf32t64_3.21.12-8.2ubuntu0.3_amd64.deb ...
Unpacking libprotobuf32t64:amd64 (3.21.12-8.2ubuntu0.3) over (3.21.12-8.2ubuntu0.2) ...
Selecting previously unselected package libproxy-tools.
Preparing to unpack .../23-libproxy-tools_0.5.4-4build1_amd64.deb ...
Unpacking libproxy-tools (0.5.4-4build1) ...
Selecting previously unselected package libqt5x11extras5:amd64.
Preparing to unpack .../24-libqt5x11extras5_5.15.13-1_amd64.deb ...
Unpacking libqt5x11extras5:amd64 (5.15.13-1) ...
Selecting previously unselected package libresid-builder0c2a.
Preparing to unpack .../25-libresid-builder0c2a_2.1.1-15ubuntu3_amd64.deb ...
Unpacking libresid-builder0c2a (2.1.1-15ubuntu3) ...
Selecting previously unselected package libsidplay2.
Preparing to unpack .../26-libsidplay2_2.1.1-15ubuntu3_amd64.deb ...
Unpacking libsidplay2 (2.1.1-15ubuntu3) ...
Selecting previously unselected package libspatialaudio0t64:amd64.
Preparing to unpack .../27-libspatialaudio0t64_0.3.0+git20180730+dfsg1-2.1build1_amd64.deb ...
Unpacking libspatialaudio0t64:amd64 (0.3.0+git20180730+dfsg1-2.1build1) ...
Selecting previously unselected package libssh2-1t64:amd64.
Preparing to unpack .../28-libssh2-1t64_1.11.0-4.1ubuntu0.24.04.4_amd64.deb ...
Unpacking libssh2-1t64:amd64 (1.11.0-4.1ubuntu0.24.04.4) ...
Selecting previously unselected package libupnp17t64:amd64.
Preparing to unpack .../29-libupnp17t64_1%3a1.14.18-1.1ubuntu2_amd64.deb ...
Unpacking libupnp17t64:amd64 (1:1.14.18-1.1ubuntu2) ...
Selecting previously unselected package libvlccore9:amd64.
Preparing to unpack .../30-libvlccore9_3.0.20-3build6_amd64.deb ...
Unpacking libvlccore9:amd64 (3.0.20-3build6) ...
Selecting previously unselected package libvlc5:amd64.
Preparing to unpack .../31-libvlc5_3.0.20-3build6_amd64.deb ...
Unpacking libvlc5:amd64 (3.0.20-3build6) ...
Selecting previously unselected package libvlc-bin:amd64.
Preparing to unpack .../32-libvlc-bin_3.0.20-3build6_amd64.deb ...
Unpacking libvlc-bin:amd64 (3.0.20-3build6) ...
Selecting previously unselected package libvncclient1:amd64.
Preparing to unpack .../33-libvncclient1_0.9.14+dfsg-1ubuntu0.2_amd64.deb ...
Unpacking libvncclient1:amd64 (0.9.14+dfsg-1ubuntu0.2) ...
Selecting previously unselected package libxcb-composite0:amd64.
Preparing to unpack .../34-libxcb-composite0_1.15-1ubuntu2_amd64.deb ...
Unpacking libxcb-composite0:amd64 (1.15-1ubuntu2) ...
Selecting previously unselected package python3-dateutil.
Preparing to unpack .../35-python3-dateutil_2.8.2-3ubuntu1_all.deb ...
Unpacking python3-dateutil (2.8.2-3ubuntu1) ...
Selecting previously unselected package python3-wrapt.
Preparing to unpack .../36-python3-wrapt_1.15.0-2build3_amd64.deb ...
Unpacking python3-wrapt (1.15.0-2build3) ...
Selecting previously unselected package python3-deprecated.
Preparing to unpack .../37-python3-deprecated_1.2.14-1_all.deb ...
Unpacking python3-deprecated (1.2.14-1) ...
Selecting previously unselected package python3-pikepdf.
Preparing to unpack .../38-python3-pikepdf_8.7.1+dfsg-2build2_amd64.deb ...
Unpacking python3-pikepdf (8.7.1+dfsg-2build2) ...
Selecting previously unselected package pdfarranger.
Preparing to unpack .../39-pdfarranger_1.10.1-1_all.deb ...
Unpacking pdfarranger (1.10.1-1) ...
Selecting previously unselected package python3-img2pdf.
Preparing to unpack .../40-python3-img2pdf_0.5.1-1_all.deb ...
Unpacking python3-img2pdf (0.5.1-1) ...
Selecting previously unselected package vlc-bin.
Preparing to unpack .../41-vlc-bin_3.0.20-3build6_amd64.deb ...
Unpacking vlc-bin (3.0.20-3build6) ...
Selecting previously unselected package vlc-data.
Preparing to unpack .../42-vlc-data_3.0.20-3build6_all.deb ...
Unpacking vlc-data (3.0.20-3build6) ...
Selecting previously unselected package libdca0:amd64.
Preparing to unpack .../43-libdca0_0.0.7-2build1_amd64.deb ...
Unpacking libdca0:amd64 (0.0.7-2build1) ...
Selecting previously unselected package vlc-plugin-base:amd64.
Preparing to unpack .../44-vlc-plugin-base_3.0.20-3build6_amd64.deb ...
Unpacking vlc-plugin-base:amd64 (3.0.20-3build6) ...
Selecting previously unselected package vlc-plugin-qt:amd64.
Preparing to unpack .../45-vlc-plugin-qt_3.0.20-3build6_amd64.deb ...
Unpacking vlc-plugin-qt:amd64 (3.0.20-3build6) ...
Selecting previously unselected package vlc-plugin-video-output:amd64.
Preparing to unpack .../46-vlc-plugin-video-output_3.0.20-3build6_amd64.deb ...
Unpacking vlc-plugin-video-output:amd64 (3.0.20-3build6) ...
Selecting previously unselected package vlc.
Preparing to unpack .../47-vlc_3.0.20-3build6_amd64.deb ...
Unpacking vlc (3.0.20-3build6) ...
Selecting previously unselected package vlc-l10n.
Preparing to unpack .../48-vlc-l10n_3.0.20-3build6_all.deb ...
Unpacking vlc-l10n (3.0.20-3build6) ...
Selecting previously unselected package vlc-plugin-access-extra:amd64.
Preparing to unpack .../49-vlc-plugin-access-extra_3.0.20-3build6_amd64.deb ...
Unpacking vlc-plugin-access-extra:amd64 (3.0.20-3build6) ...
Selecting previously unselected package vlc-plugin-notify:amd64.
Preparing to unpack .../50-vlc-plugin-notify_3.0.20-3build6_amd64.deb ...
Unpacking vlc-plugin-notify:amd64 (3.0.20-3build6) ...
Selecting previously unselected package vlc-plugin-samba:amd64.
Preparing to unpack .../51-vlc-plugin-samba_3.0.20-3build6_amd64.deb ...
Unpacking vlc-plugin-samba:amd64 (3.0.20-3build6) ...
Selecting previously unselected package vlc-plugin-skins2:amd64.
Preparing to unpack .../52-vlc-plugin-skins2_3.0.20-3build6_amd64.deb ...
Unpacking vlc-plugin-skins2:amd64 (3.0.20-3build6) ...
Selecting previously unselected package vlc-plugin-video-splitter:amd64.
Preparing to unpack .../53-vlc-plugin-video-splitter_3.0.20-3build6_amd64.deb ...
Unpacking vlc-plugin-video-splitter:amd64 (3.0.20-3build6) ...
Selecting previously unselected package vlc-plugin-visualization:amd64.
Preparing to unpack .../54-vlc-plugin-visualization_3.0.20-3build6_amd64.deb ...
Unpacking vlc-plugin-visualization:amd64 (3.0.20-3build6) ...
Setting up libprotobuf-lite32t64:amd64 (3.21.12-8.2ubuntu0.3) ...
Setting up libebml5:amd64 (1.4.5-1) ...
Setting up libprotobuf32t64:amd64 (3.21.12-8.2ubuntu0.3) ...
Setting up libqt5x11extras5:amd64 (5.15.13-1) ...
Setting up libkate1:amd64 (0.4.1-11build2) ...
Setting up libdvbpsi10:amd64 (1.3.3-1build1) ...
Setting up libpoppler134:amd64 (24.02.0-1ubuntu9.9) ...
Setting up htop (3.3.0-4build1) ...
Setting up libaribb24-0t64:amd64 (1.0.3-2.1build2) ...
Setting up fonts-freefont-ttf (20211204+svn4273-2) ...
Setting up vlc-l10n (3.0.20-3build6) ...
Setting up libmpeg2-4:amd64 (0.5.1-9build1) ...
Setting up libmpcdec6:amd64 (2:0.1~r495-2build1) ...
Setting up libpoppler-glib8t64:amd64 (24.02.0-1ubuntu9.9) ...
Setting up libcddb2 (1.3.2-7fakesync1build1) ...
Setting up libvncclient1:amd64 (0.9.14+dfsg-1ubuntu0.2) ...
Setting up liba52-0.7.4:amd64 (0.7.4-20build1) ...
Setting up iotop (0.6-42-ga14256a-0.2build1) ...
update-alternatives: using /usr/sbin/iotop-py to provide /usr/sbin/iotop (iotop) in auto mode
Setting up libresid-builder0c2a (2.1.1-15ubuntu3) ...
Setting up libfaad2:amd64 (2.11.1-1build1) ...
Setting up libpoppler-cpp0t64:amd64 (24.02.0-1ubuntu9.9) ...
Setting up python3-wrapt (1.15.0-2build3) ...
Setting up libixml11t64:amd64 (1:1.14.18-1.1ubuntu2) ...
Setting up libvlccore9:amd64 (3.0.20-3build6) ...
Setting up libsidplay2 (2.1.1-15ubuntu3) ...
Setting up libmad0:amd64 (0.15.1b-10.2ubuntu1) ...
Setting up libxcb-composite0:amd64 (1.15-1ubuntu2) ...
Setting up vlc-plugin-qt:amd64 (3.0.20-3build6) ...
Setting up libmatroska7:amd64 (1.7.1-1build1) ...
Setting up libdca0:amd64 (0.0.7-2build1) ...
Setting up python3-dateutil (2.8.2-3ubuntu1) ...
Setting up libopenmpt-modplug1:amd64 (0.8.9.0-openmpt1-2build2) ...
Setting up poppler-utils (24.02.0-1ubuntu9.9) ...
Setting up libssh2-1t64:amd64 (1.11.0-4.1ubuntu0.24.04.4) ...
Setting up gir1.2-poppler-0.18:amd64 (24.02.0-1ubuntu9.9) ...
Setting up libupnp17t64:amd64 (1:1.14.18-1.1ubuntu2) ...
Setting up libspatialaudio0t64:amd64 (0.3.0+git20180730+dfsg1-2.1build1) ...
Setting up vlc-data (3.0.20-3build6) ...
Setting up python3-deprecated (1.2.14-1) ...
Setting up vlc-plugin-notify:amd64 (3.0.20-3build6) ...
Setting up libproxy-tools (0.5.4-4build1) ...
Setting up vlc-plugin-video-output:amd64 (3.0.20-3build6) ...
Setting up vlc-plugin-samba:amd64 (3.0.20-3build6) ...
Setting up vlc-plugin-skins2:amd64 (3.0.20-3build6) ...
Setting up vlc-plugin-video-splitter:amd64 (3.0.20-3build6) ...
Setting up libvlc5:amd64 (3.0.20-3build6) ...
Setting up python3-pikepdf (8.7.1+dfsg-2build2) ...
Setting up pdfarranger (1.10.1-1) ...
Setting up vlc-plugin-visualization:amd64 (3.0.20-3build6) ...
Setting up vlc-plugin-access-extra:amd64 (3.0.20-3build6) ...
Setting up libvlc-bin:amd64 (3.0.20-3build6) ...
Setting up vlc-plugin-base:amd64 (3.0.20-3build6) ...
Setting up python3-img2pdf (0.5.1-1) ...
Setting up vlc-bin (3.0.20-3build6) ...
Setting up vlc (3.0.20-3build6) ...
Processing triggers for fontconfig (2.15.0-1.1ubuntu2) ...
Processing triggers for desktop-file-utils (0.27-2build1) ...
Processing triggers for hicolor-icon-theme (0.17-2) ...
Processing triggers for gnome-menus (3.36.0-1.1ubuntu3) ...
Processing triggers for mate-menus (1.26.1+mint1) ...
Processing triggers for libc-bin (2.39-0ubuntu8.6) ...
Processing triggers for man-db (2.12.0-4build2) ...
Processing triggers for mailcap (3.70+nmu1ubuntu1) ...
Processing triggers for libvlc-bin:amd64 (3.0.20-3build6) ...
[1;34m[СБОРКА][0m Устанавливаем .deb пакеты из /home/alex/mint-src/config/deb ...
Selecting previously unselected package anydesk.
(Reading database ... 499207 files and directories currently installed.)
Preparing to unpack .../anydesk_8.0.2-1_amd64.deb ...
Running in chroot, ignoring command 'stop'
Unpacking anydesk (8.0.2) ...
Selecting previously unselected package max.
Preparing to unpack .../MAX-26.18.0.71832.deb ...
Unpacking max (26.18.0) ...
Selecting previously unselected package onlyoffice-desktopeditors.
Preparing to unpack .../onlyoffice-desktopeditors_amd64.deb ...
Unpacking onlyoffice-desktopeditors (9.1.0-173) ...
Selecting previously unselected package opencode.
Preparing to unpack .../opencode-desktop-linux-amd64.deb ...
Unpacking opencode (1.15.13) ...
Selecting previously unselected package portproton.
Preparing to unpack .../portproton_amd64.deb ...
Unpacking portproton (1.7.3) ...
Selecting previously unselected package rudesktop.
Preparing to unpack .../rudesktop-stable-2.9.1147-amd64.deb ...
Unpacking rudesktop (2.9.1147) ...
Selecting previously unselected package ttf-mscorefonts-installer.
Preparing to unpack .../ttf-mscorefonts-installer_3.8.1_all.deb ...
Unpacking ttf-mscorefonts-installer (3.8.1) ...
Selecting previously unselected package yandex-browser-stable.
Preparing to unpack .../yandex-browser-stable_26.4.1.1101-1_amd64.deb ...
Unpacking yandex-browser-stable (26.4.1.1101-1) ...
Setting up anydesk (8.0.2) ...
Running in chroot, ignoring command 'daemon-reload'
Created symlink /etc/systemd/system/multi-user.target.wants/anydesk.service → /etc/systemd/system/anydesk.service.
Running in chroot, ignoring command 'is-active'
Running in chroot, ignoring command 'start'
dpkg: dependency problems prevent configuration of max:
 max depends on libxcb-ewmh2; however:
  Package libxcb-ewmh2 is not installed.
 max depends on libxcb-cursor0; however:
  Package libxcb-cursor0 is not installed.

dpkg: error processing package max (--install):
 dependency problems - leaving unconfigured
dpkg: dependency problems prevent configuration of onlyoffice-desktopeditors:
 onlyoffice-desktopeditors depends on gstreamer1.0-libav; however:
  Package gstreamer1.0-libav is not installed.
 onlyoffice-desktopeditors depends on gstreamer1.0-plugins-ugly; however:
  Package gstreamer1.0-plugins-ugly is not installed.
 onlyoffice-desktopeditors depends on fonts-dejavu | ttf-dejavu; however:
  Package fonts-dejavu is not installed.
  Package ttf-dejavu is not installed.
 onlyoffice-desktopeditors depends on fonts-crosextra-carlito; however:
  Package fonts-crosextra-carlito is not installed.

dpkg: error processing package onlyoffice-desktopeditors (--install):
 dependency problems - leaving unconfigured
Setting up opencode (1.15.13) ...
update-alternatives: using /opt/OpenCode/@opencode-aidesktop to provide /usr/bin/@opencode-aidesktop (@opencode-aidesktop) in auto mode
unshare: unshare failed: Operation not permitted
dpkg: dependency problems prevent configuration of portproton:
 portproton depends on libvulkan1:i386.
 portproton depends on cabextract; however:
  Package cabextract is not installed.
 portproton depends on libgl1:i386.
 portproton depends on yad; however:
  Package yad is not installed.
 portproton depends on jq; however:
  Package jq is not installed.
 portproton depends on libimage-exiftool-perl; however:
  Package libimage-exiftool-perl is not installed.

dpkg: error processing package portproton (--install):
 dependency problems - leaving unconfigured
dpkg: dependency problems prevent configuration of rudesktop:
 rudesktop depends on smartmontools; however:
  Package smartmontools is not installed.

dpkg: error processing package rudesktop (--install):
 dependency problems - leaving unconfigured
dpkg: dependency problems prevent configuration of ttf-mscorefonts-installer:
 ttf-mscorefonts-installer depends on cabextract; however:
  Package cabextract is not installed.

dpkg: error processing package ttf-mscorefonts-installer (--install):
 dependency problems - leaving unconfigured
dpkg: dependency problems prevent configuration of yandex-browser-stable:
 yandex-browser-stable depends on jq; however:
  Package jq is not installed.

dpkg: error processing package yandex-browser-stable (--install):
 dependency problems - leaving unconfigured
Processing triggers for mailcap (3.70+nmu1ubuntu1) ...
Processing triggers for gnome-menus (3.36.0-1.1ubuntu3) ...
Processing triggers for mate-menus (1.26.1+mint1) ...
Processing triggers for desktop-file-utils (0.27-2build1) ...
Processing triggers for hicolor-icon-theme (0.17-2) ...
Processing triggers for libc-bin (2.39-0ubuntu8.6) ...
Processing triggers for fontconfig (2.15.0-1.1ubuntu2) ...
Processing triggers for man-db (2.12.0-4build2) ...
Processing triggers for shared-mime-info (2.4-4) ...
Errors were encountered while processing:
 max
 onlyoffice-desktopeditors
 portproton
 rudesktop
 ttf-mscorefonts-installer
 yandex-browser-stable
[1;33m[ВНИМАНИЕ][0m dpkg -i не всё смог установить сразу - дотягиваем зависимости...
Reading package lists...
Building dependency tree...
Reading state information...
Correcting dependencies... Done
The following additional packages will be installed:
  cabextract fonts-crosextra-carlito fonts-dejavu fonts-dejavu-extra
  gcc-14-base gcc-14-base:i386 gstreamer1.0-libav gstreamer1.0-plugins-ugly jq
  libarchive-zip-perl libasan8 libatomic1 libatomic1:i386 libbsd0:i386
  libc-dev-bin libc6 libc6:i386 libc6-dbg libc6-dev libcc1-0
  libcompress-raw-lzma-perl libdrm-amdgpu1 libdrm-amdgpu1:i386 libdrm-common
  libdrm-intel1 libdrm-intel1:i386 libdrm2 libdrm2:i386 libedit2:i386
  libegl-mesa0 libelf1t64:i386 libexpat1 libexpat1:i386 libffi8:i386 libgbm1
  libgbm1:i386 libgcc-s1 libgcc-s1:i386 libgfortran5 libgl1:i386
  libgl1-mesa-dri:i386 libgl1-mesa-dri libglvnd0:i386 libglx-mesa0
  libglx-mesa0:i386 libglx0:i386 libgomp1 libhwasan0 libicu74:i386
  libidn2-0:i386 libimage-exiftool-perl libio-compress-brotli-perl libitm1
  libjq1 libllvm20 libllvm20:i386 liblsan0 liblzma5 liblzma5:i386 libmd0:i386
  libmime-charset-perl libmspack0t64 libncurses6 libncursesw6 libonig5
  libpciaccess0:i386 libquadmath0 libsensors5:i386 libsidplay1v5 libsombok3
  libstdc++6:i386 libstdc++6 libtinfo6 libtinfo6:i386 libtsan2 libubsan1
  libunicode-linebreak-perl libunistring5:i386 libvulkan1:i386
  libwayland-client0:i386 libx11-6:i386 libx11-xcb1:i386 libxau6:i386
  libxcb-cursor0 libxcb-dri3-0:i386 libxcb-ewmh2 libxcb-glx0:i386
  libxcb-present0:i386 libxcb-randr0:i386 libxcb-shm0:i386 libxcb-sync1:i386
  libxcb-xfixes0:i386 libxcb1:i386 libxdmcp6:i386 libxext6:i386 libxml2:i386
  libxml2 libxshmfence1:i386 libxxf86vm1:i386 libzstd1:i386 mesa-libgallium
  mesa-libgallium:i386 mesa-va-drivers mesa-vulkan-drivers
  mesa-vulkan-drivers:i386 python3-distro-info python3-distupgrade
  python3-update-manager smartmontools ubuntu-pro-client
  ubuntu-pro-client-l10n ubuntu-release-upgrader-core update-manager-core yad
  zlib1g zlib1g:i386
Suggested packages:
  fonts-crosextra-caladea glibc-doc libnss-nis libnss-nisplus glibc-doc:i386
  locales:i386 libnss-nis:i386 libnss-nisplus:i386 manpages-dev
  libposix-strptime-perl libencode-eucjpascii-perl libencode-hanextra-perl
  libpod2-base-perl lm-sensors:i386 sidplay-base gsmartcontrol smart-notifier
  mailx | mailutils
Recommended packages:
  manpages-dev libc-devtools
The following NEW packages will be installed:
  cabextract fonts-crosextra-carlito fonts-dejavu fonts-dejavu-extra
  gcc-14-base:i386 gstreamer1.0-libav gstreamer1.0-plugins-ugly jq
  libarchive-zip-perl libatomic1:i386 libbsd0:i386 libc6:i386
  libcompress-raw-lzma-perl libdrm-amdgpu1:i386 libdrm-intel1:i386
  libdrm2:i386 libedit2:i386 libelf1t64:i386 libexpat1:i386 libffi8:i386
  libgbm1:i386 libgcc-s1:i386 libgl1:i386 libgl1-mesa-dri:i386 libglvnd0:i386
  libglx-mesa0:i386 libglx0:i386 libicu74:i386 libidn2-0:i386
  libimage-exiftool-perl libio-compress-brotli-perl libjq1 libllvm20:i386
  liblzma5:i386 libmd0:i386 libmime-charset-perl libmspack0t64 libonig5
  libpciaccess0:i386 libsensors5:i386 libsidplay1v5 libsombok3 libstdc++6:i386
  libtinfo6:i386 libunicode-linebreak-perl libunistring5:i386 libvulkan1:i386
  libwayland-client0:i386 libx11-6:i386 libx11-xcb1:i386 libxau6:i386
  libxcb-cursor0 libxcb-dri3-0:i386 libxcb-ewmh2 libxcb-glx0:i386
  libxcb-present0:i386 libxcb-randr0:i386 libxcb-shm0:i386 libxcb-sync1:i386
  libxcb-xfixes0:i386 libxcb1:i386 libxdmcp6:i386 libxext6:i386 libxml2:i386
  libxshmfence1:i386 libxxf86vm1:i386 libzstd1:i386 mesa-libgallium:i386
  mesa-vulkan-drivers:i386 python3-distro-info python3-distupgrade
  python3-update-manager smartmontools ubuntu-pro-client
  ubuntu-pro-client-l10n ubuntu-release-upgrader-core update-manager-core yad
  zlib1g:i386
The following packages will be upgraded:
  gcc-14-base libasan8 libatomic1 libc-dev-bin libc6 libc6-dbg libc6-dev
  libcc1-0 libdrm-amdgpu1 libdrm-common libdrm-intel1 libdrm2 libegl-mesa0
  libexpat1 libgbm1 libgcc-s1 libgfortran5 libgl1-mesa-dri libglx-mesa0
  libgomp1 libhwasan0 libitm1 libllvm20 liblsan0 liblzma5 libncurses6
  libncursesw6 libquadmath0 libstdc++6 libtinfo6 libtsan2 libubsan1 libxml2
  mesa-libgallium mesa-va-drivers mesa-vulkan-drivers zlib1g
37 upgraded, 79 newly installed, 0 to remove and 513 not upgraded.
6 not fully installed or removed.
Need to get 176 MB of archives.
After this operation, 418 MB of additional disk space will be used.
Get:1 http://archive.ubuntu.com/ubuntu noble-updates/main amd64 libc6-dev amd64 2.39-0ubuntu8.9 [2126 kB]
Get:2 http://archive.ubuntu.com/ubuntu noble-updates/main amd64 libc-dev-bin amd64 2.39-0ubuntu8.9 [20.4 kB]
Get:3 http://archive.ubuntu.com/ubuntu noble-updates/main amd64 libc6-dbg amd64 2.39-0ubuntu8.9 [7474 kB]
Get:4 http://archive.ubuntu.com/ubuntu noble-updates/main amd64 libasan8 amd64 14.2.0-4ubuntu2~24.04.1 [3027 kB]
Get:5 http://archive.ubuntu.com/ubuntu noble-updates/main amd64 libubsan1 amd64 14.2.0-4ubuntu2~24.04.1 [1184 kB]
Get:6 http://archive.ubuntu.com/ubuntu noble-updates/main amd64 libtsan2 amd64 14.2.0-4ubuntu2~24.04.1 [2772 kB]
Get:7 http://archive.ubuntu.com/ubuntu noble-updates/main amd64 libquadmath0 amd64 14.2.0-4ubuntu2~24.04.1 [153 kB]
Get:8 http://archive.ubuntu.com/ubuntu noble-updates/main amd64 liblsan0 amd64 14.2.0-4ubuntu2~24.04.1 [1322 kB]
Get:9 http://archive.ubuntu.com/ubuntu noble-updates/main amd64 libitm1 amd64 14.2.0-4ubuntu2~24.04.1 [29.7 kB]
Get:10 http://archive.ubuntu.com/ubuntu noble-updates/main amd64 libhwasan0 amd64 14.2.0-4ubuntu2~24.04.1 [1641 kB]
Get:11 http://archive.ubuntu.com/ubuntu noble-updates/main amd64 libgomp1 amd64 14.2.0-4ubuntu2~24.04.1 [148 kB]
Get:12 http://archive.ubuntu.com/ubuntu noble-updates/main amd64 libgfortran5 amd64 14.2.0-4ubuntu2~24.04.1 [916 kB]
Get:13 http://archive.ubuntu.com/ubuntu noble-updates/main amd64 gcc-14-base amd64 14.2.0-4ubuntu2~24.04.1 [51.0 kB]
Get:14 http://archive.ubuntu.com/ubuntu noble-updates/main amd64 libgcc-s1 amd64 14.2.0-4ubuntu2~24.04.1 [78.4 kB]
Get:15 http://archive.ubuntu.com/ubuntu noble-updates/main amd64 libcc1-0 amd64 14.2.0-4ubuntu2~24.04.1 [48.0 kB]
Get:16 http://archive.ubuntu.com/ubuntu noble-updates/main amd64 libatomic1 amd64 14.2.0-4ubuntu2~24.04.1 [10.5 kB]
Get:17 http://archive.ubuntu.com/ubuntu noble-updates/main amd64 libstdc++6 amd64 14.2.0-4ubuntu2~24.04.1 [792 kB]
Get:18 http://archive.ubuntu.com/ubuntu noble-updates/main amd64 libc6 amd64 2.39-0ubuntu8.9 [3264 kB]
Get:19 http://archive.ubuntu.com/ubuntu noble/universe amd64 gstreamer1.0-libav amd64 1.24.1-1build1 [103 kB]
Get:20 http://archive.ubuntu.com/ubuntu noble/universe amd64 libsidplay1v5 amd64 1.36.60-1build1 [64.0 kB]
Get:21 http://archive.ubuntu.com/ubuntu noble/universe amd64 gstreamer1.0-plugins-ugly amd64 1.24.1-1build1 [189 kB]
Get:22 http://archive.ubuntu.com/ubuntu noble/main amd64 fonts-dejavu-extra all 2.37-8 [1947 kB]
Get:23 http://archive.ubuntu.com/ubuntu noble/universe amd64 fonts-dejavu all 2.37-8 [3020 B]
Get:24 http://archive.ubuntu.com/ubuntu noble/universe amd64 fonts-crosextra-carlito all 20230309-2 [811 kB]
Get:25 http://archive.ubuntu.com/ubuntu noble/main amd64 libonig5 amd64 6.9.9-1build1 [172 kB]
Get:26 http://archive.ubuntu.com/ubuntu noble-updates/main amd64 libjq1 amd64 1.7.1-3ubuntu0.24.04.2 [142 kB]
Get:27 http://archive.ubuntu.com/ubuntu noble-updates/main amd64 jq amd64 1.7.1-3ubuntu0.24.04.2 [65.7 kB]
Get:28 http://archive.ubuntu.com/ubuntu noble-updates/main amd64 libexpat1 amd64 2.6.1-2ubuntu0.5 [95.2 kB]
Get:29 http://archive.ubuntu.com/ubuntu noble-updates/main amd64 libdrm-common all 2.4.125-1ubuntu0.1~24.04.2 [9250 B]
Get:30 http://archive.ubuntu.com/ubuntu noble-updates/main amd64 libdrm2 amd64 2.4.125-1ubuntu0.1~24.04.2 [41.4 kB]
Get:31 http://archive.ubuntu.com/ubuntu noble-updates/universe amd64 mesa-va-drivers amd64 25.2.8-0ubuntu0.24.04.2 [6784 B]
Get:32 http://archive.ubuntu.com/ubuntu noble-updates/main amd64 libgl1-mesa-dri amd64 25.2.8-0ubuntu0.24.04.2 [37.9 kB]
Get:33 http://archive.ubuntu.com/ubuntu noble-updates/main amd64 libglx-mesa0 amd64 25.2.8-0ubuntu0.24.04.2 [110 kB]
Get:34 http://archive.ubuntu.com/ubuntu noble-updates/main amd64 libdrm-amdgpu1 amd64 2.4.125-1ubuntu0.1~24.04.2 [21.4 kB]
Get:35 http://archive.ubuntu.com/ubuntu noble-updates/main amd64 libdrm-intel1 amd64 2.4.125-1ubuntu0.1~24.04.2 [63.9 kB]
Get:36 http://archive.ubuntu.com/ubuntu noble-updates/main amd64 zlib1g amd64 1:1.3.dfsg-3.1ubuntu2.2 [63.0 kB]
Get:37 http://archive.ubuntu.com/ubuntu noble-updates/main amd64 liblzma5 amd64 5.6.1+really5.4.5-1ubuntu0.3 [127 kB]
Get:38 http://archive.ubuntu.com/ubuntu noble-updates/main amd64 libxml2 amd64 2.9.14+dfsg-1.3ubuntu3.9 [765 kB]
Get:39 http://archive.ubuntu.com/ubuntu noble-updates/main amd64 libllvm20 amd64 1:20.1.2-0ubuntu1~24.04.3 [30.6 MB]
Get:40 http://archive.ubuntu.com/ubuntu noble-updates/main amd64 libegl-mesa0 amd64 25.2.8-0ubuntu0.24.04.2 [117 kB]
Get:41 http://archive.ubuntu.com/ubuntu noble-updates/main amd64 libgbm1 amd64 25.2.8-0ubuntu0.24.04.2 [34.2 kB]
Get:42 http://archive.ubuntu.com/ubuntu noble-updates/main amd64 mesa-libgallium amd64 25.2.8-0ubuntu0.24.04.2 [10.8 MB]
Get:43 http://archive.ubuntu.com/ubuntu noble/main amd64 libxcb-ewmh2 amd64 0.4.1-1.1build3 [18.1 kB]
Get:44 http://archive.ubuntu.com/ubuntu noble/universe amd64 libxcb-cursor0 amd64 0.1.4-1build1 [10.7 kB]
Get:45 http://archive.ubuntu.com/ubuntu noble-updates/main i386 gcc-14-base i386 14.2.0-4ubuntu2~24.04.1 [51.0 kB]
Get:46 http://archive.ubuntu.com/ubuntu noble-updates/main i386 libgcc-s1 i386 14.2.0-4ubuntu2~24.04.1 [95.5 kB]
Get:47 http://archive.ubuntu.com/ubuntu noble-updates/main i386 libc6 i386 2.39-0ubuntu8.9 [3011 kB]
Get:48 http://archive.ubuntu.com/ubuntu noble/main i386 libvulkan1 i386 1.3.275.0-1build1 [154 kB]
Get:49 http://archive.ubuntu.com/ubuntu noble/main amd64 libmspack0t64 amd64 0.11-1.1build1 [40.0 kB]
Get:50 http://archive.ubuntu.com/ubuntu noble/universe amd64 cabextract amd64 1.11-2 [24.7 kB]
Get:51 http://archive.ubuntu.com/ubuntu noble/main i386 libglvnd0 i386 1.7.0-1build1 [64.2 kB]
Get:52 http://archive.ubuntu.com/ubuntu noble/main i386 libxau6 i386 1:1.0.9-1build6 [7520 B]
Get:53 http://archive.ubuntu.com/ubuntu noble-updates/main i386 libmd0 i386 1.1.0-2build1.1 [29.4 kB]
Get:54 http://archive.ubuntu.com/ubuntu noble-updates/main i386 libbsd0 i386 0.12.1-1build1.1 [45.3 kB]
Get:55 http://archive.ubuntu.com/ubuntu noble/main i386 libxdmcp6 i386 1:1.1.3-0ubuntu6 [10.7 kB]
Get:56 http://archive.ubuntu.com/ubuntu noble/main i386 libxcb1 i386 1.15-1ubuntu2 [54.3 kB]
Get:57 http://archive.ubuntu.com/ubuntu noble/main i386 libx11-6 i386 2:1.8.7-1build1 [670 kB]
Get:58 http://archive.ubuntu.com/ubuntu noble-updates/main i386 libdrm2 i386 2.4.125-1ubuntu0.1~24.04.2 [45.5 kB]
Get:59 http://archive.ubuntu.com/ubuntu noble-updates/main i386 libexpat1 i386 2.6.1-2ubuntu0.5 [96.8 kB]
Get:60 http://archive.ubuntu.com/ubuntu noble/main i386 libx11-xcb1 i386 2:1.8.7-1build1 [7774 B]
Get:61 http://archive.ubuntu.com/ubuntu noble/main i386 libxcb-dri3-0 i386 1.15-1ubuntu2 [7388 B]
Get:62 http://archive.ubuntu.com/ubuntu noble/main i386 libxcb-glx0 i386 1.15-1ubuntu2 [26.7 kB]
Get:63 http://archive.ubuntu.com/ubuntu noble/main i386 libxcb-present0 i386 1.15-1ubuntu2 [5810 B]
Get:64 http://archive.ubuntu.com/ubuntu noble/main i386 libxcb-shm0 i386 1.15-1ubuntu2 [5850 B]
Get:65 http://archive.ubuntu.com/ubuntu noble/main i386 libxcb-xfixes0 i386 1.15-1ubuntu2 [10.7 kB]
Get:66 http://archive.ubuntu.com/ubuntu noble/main i386 libxext6 i386 2:1.3.4-1build2 [33.4 kB]
Get:67 http://archive.ubuntu.com/ubuntu noble/main i386 libxxf86vm1 i386 1:1.1.4-1build4 [10.3 kB]
Get:68 http://archive.ubuntu.com/ubuntu noble-updates/main i386 libdrm-amdgpu1 i386 2.4.125-1ubuntu0.1~24.04.2 [25.5 kB]
Get:69 http://archive.ubuntu.com/ubuntu noble-updates/main i386 zlib1g i386 1:1.3.dfsg-3.1ubuntu2.2 [59.0 kB]
Get:70 http://archive.ubuntu.com/ubuntu noble-updates/main i386 libpciaccess0 i386 0.17-3ubuntu0.24.04.2 [21.8 kB]
Get:71 http://archive.ubuntu.com/ubuntu noble-updates/main i386 libdrm-intel1 i386 2.4.125-1ubuntu0.1~24.04.2 [69.3 kB]
Get:72 http://archive.ubuntu.com/ubuntu noble-updates/main i386 libzstd1 i386 1.5.5+dfsg2-2build1.1 [288 kB]
Get:73 http://archive.ubuntu.com/ubuntu noble-updates/main i386 libelf1t64 i386 0.190-1.1ubuntu0.1 [62.3 kB]
Get:74 http://archive.ubuntu.com/ubuntu noble-updates/main i386 libatomic1 i386 14.2.0-4ubuntu2~24.04.1 [8554 B]
Get:75 http://archive.ubuntu.com/ubuntu noble-updates/main amd64 libncursesw6 amd64 6.4+20240113-1ubuntu2.2 [148 kB]
Get:76 http://archive.ubuntu.com/ubuntu noble-updates/main amd64 libncurses6 amd64 6.4+20240113-1ubuntu2.2 [112 kB]
Get:77 http://archive.ubuntu.com/ubuntu noble-updates/main amd64 libtinfo6 amd64 6.4+20240113-1ubuntu2.2 [108 kB]
Get:78 http://archive.ubuntu.com/ubuntu noble-updates/main i386 libtinfo6 i386 6.4+20240113-1ubuntu2.2 [110 kB]
Get:79 http://archive.ubuntu.com/ubuntu noble/main i386 libedit2 i386 3.1-20230828-1build1 [101 kB]
Get:80 http://archive.ubuntu.com/ubuntu noble/main i386 libffi8 i386 3.4.6-1build1 [22.8 kB]
Get:81 http://archive.ubuntu.com/ubuntu noble-updates/main i386 libstdc++6 i386 14.2.0-4ubuntu2~24.04.1 [862 kB]
Get:82 http://archive.ubuntu.com/ubuntu noble-updates/main i386 libicu74 i386 74.2-1ubuntu3.1 [11.0 MB]
Get:83 http://archive.ubuntu.com/ubuntu noble-updates/main i386 liblzma5 i386 5.6.1+really5.4.5-1ubuntu0.3 [133 kB]
Get:84 http://archive.ubuntu.com/ubuntu noble-updates/main i386 libxml2 i386 2.9.14+dfsg-1.3ubuntu3.9 [723 kB]
Get:85 http://archive.ubuntu.com/ubuntu noble-updates/main i386 libllvm20 i386 1:20.1.2-0ubuntu1~24.04.3 [35.6 MB]
Get:86 http://archive.ubuntu.com/ubuntu noble/main i386 libsensors5 i386 1:3.6.0-9build1 [28.4 kB]
Get:87 http://archive.ubuntu.com/ubuntu noble/main i386 libxcb-randr0 i386 1.15-1ubuntu2 [19.5 kB]
Get:88 http://archive.ubuntu.com/ubuntu noble/main i386 libxcb-sync1 i386 1.15-1ubuntu2 [9772 B]
Get:89 http://archive.ubuntu.com/ubuntu noble/main i386 libxshmfence1 i386 1.3-1build5 [4922 B]
Get:90 http://archive.ubuntu.com/ubuntu noble-updates/main i386 mesa-libgallium i386 25.2.8-0ubuntu0.24.04.2 [11.2 MB]
Get:91 http://archive.ubuntu.com/ubuntu noble-updates/main i386 libgbm1 i386 25.2.8-0ubuntu0.24.04.2 [36.1 kB]
Get:92 http://archive.ubuntu.com/ubuntu noble-updates/main i386 libgl1-mesa-dri i386 25.2.8-0ubuntu0.24.04.2 [35.0 kB]
Get:93 http://archive.ubuntu.com/ubuntu noble-updates/main i386 libglx-mesa0 i386 25.2.8-0ubuntu0.24.04.2 [117 kB]
Get:94 http://archive.ubuntu.com/ubuntu noble/main i386 libglx0 i386 1.7.0-1build1 [42.0 kB]
Get:95 http://archive.ubuntu.com/ubuntu noble/main i386 libgl1 i386 1.7.0-1build1 [96.5 kB]
Get:96 http://archive.ubuntu.com/ubuntu noble/universe amd64 yad amd64 0.40.0-1build3 [170 kB]
Get:97 http://archive.ubuntu.com/ubuntu noble/universe amd64 libimage-exiftool-perl all 12.76+dfsg-1 [3901 kB]
Get:98 http://archive.ubuntu.com/ubuntu noble/main amd64 smartmontools amd64 7.4-2build1 [643 kB]
Get:99 http://archive.ubuntu.com/ubuntu noble-updates/main i386 libunistring5 i386 1.1-2build1.1 [547 kB]
Get:100 http://archive.ubuntu.com/ubuntu noble-updates/main i386 libidn2-0 i386 2.3.7-2build1.1 [102 kB]
Get:101 http://archive.ubuntu.com/ubuntu noble-updates/main amd64 ubuntu-pro-client amd64 37.2ubuntu~24.04.1 [260 kB]
Get:102 http://archive.ubuntu.com/ubuntu noble-updates/main amd64 ubuntu-pro-client-l10n amd64 37.2ubuntu~24.04.1 [19.8 kB]
Get:103 http://archive.ubuntu.com/ubuntu noble/main amd64 python3-distro-info all 1.7build1 [7076 B]
Get:104 http://archive.ubuntu.com/ubuntu noble-updates/main amd64 python3-update-manager all 1:24.04.12 [43.4 kB]
Get:105 http://archive.ubuntu.com/ubuntu noble-updates/main amd64 python3-distupgrade all 1:24.04.29 [125 kB]
Get:106 http://archive.ubuntu.com/ubuntu noble-updates/main amd64 ubuntu-release-upgrader-core all 1:24.04.29 [27.2 kB]
Get:107 http://archive.ubuntu.com/ubuntu noble-updates/main amd64 update-manager-core all 1:24.04.12 [11.6 kB]
Get:108 http://archive.ubuntu.com/ubuntu noble/main amd64 libarchive-zip-perl all 1.68-1 [90.2 kB]
Get:109 http://archive.ubuntu.com/ubuntu noble/universe amd64 libcompress-raw-lzma-perl amd64 2.209-1build2 [35.1 kB]
Get:110 http://archive.ubuntu.com/ubuntu noble/universe amd64 libio-compress-brotli-perl amd64 0.004001-2build3 [16.6 kB]
Get:111 http://archive.ubuntu.com/ubuntu noble/universe amd64 libmime-charset-perl all 1.013.1-2 [31.0 kB]
Get:112 http://archive.ubuntu.com/ubuntu noble/universe amd64 libsombok3 amd64 2.4.0-2build1 [29.4 kB]
Get:113 http://archive.ubuntu.com/ubuntu noble/universe amd64 libunicode-linebreak-perl amd64 0.0.20190101-1build7 [92.6 kB]
Get:114 http://archive.ubuntu.com/ubuntu noble/main i386 libwayland-client0 i386 1.22.0-2.1build1 [28.4 kB]
Get:115 http://archive.ubuntu.com/ubuntu noble-updates/main amd64 mesa-vulkan-drivers amd64 25.2.8-0ubuntu0.24.04.2 [17.5 MB]
Get:116 http://archive.ubuntu.com/ubuntu noble-updates/main i386 mesa-vulkan-drivers i386 25.2.8-0ubuntu0.24.04.2 [15.1 MB]
Preconfiguring packages ...
Fetched 176 MB in 20s (8838 kB/s)
E: Can not write log (Is /dev/pts mounted?) - posix_openpt (19: No such device)
(Reading database ... 505210 files and directories currently installed.)
Preparing to unpack .../00-libc6-dev_2.39-0ubuntu8.9_amd64.deb ...
Unpacking libc6-dev:amd64 (2.39-0ubuntu8.9) over (2.39-0ubuntu8.6) ...
Preparing to unpack .../01-libc-dev-bin_2.39-0ubuntu8.9_amd64.deb ...
Unpacking libc-dev-bin (2.39-0ubuntu8.9) over (2.39-0ubuntu8.6) ...
Preparing to unpack .../02-libc6-dbg_2.39-0ubuntu8.9_amd64.deb ...
Unpacking libc6-dbg:amd64 (2.39-0ubuntu8.9) over (2.39-0ubuntu8.6) ...
Preparing to unpack .../03-libasan8_14.2.0-4ubuntu2~24.04.1_amd64.deb ...
Unpacking libasan8:amd64 (14.2.0-4ubuntu2~24.04.1) over (14.2.0-4ubuntu2~24.04) ...
Preparing to unpack .../04-libubsan1_14.2.0-4ubuntu2~24.04.1_amd64.deb ...
Unpacking libubsan1:amd64 (14.2.0-4ubuntu2~24.04.1) over (14.2.0-4ubuntu2~24.04) ...
Preparing to unpack .../05-libtsan2_14.2.0-4ubuntu2~24.04.1_amd64.deb ...
Unpacking libtsan2:amd64 (14.2.0-4ubuntu2~24.04.1) over (14.2.0-4ubuntu2~24.04) ...
Preparing to unpack .../06-libquadmath0_14.2.0-4ubuntu2~24.04.1_amd64.deb ...
Unpacking libquadmath0:amd64 (14.2.0-4ubuntu2~24.04.1) over (14.2.0-4ubuntu2~24.04) ...
Preparing to unpack .../07-liblsan0_14.2.0-4ubuntu2~24.04.1_amd64.deb ...
Unpacking liblsan0:amd64 (14.2.0-4ubuntu2~24.04.1) over (14.2.0-4ubuntu2~24.04) ...
Preparing to unpack .../08-libitm1_14.2.0-4ubuntu2~24.04.1_amd64.deb ...
Unpacking libitm1:amd64 (14.2.0-4ubuntu2~24.04.1) over (14.2.0-4ubuntu2~24.04) ...
Preparing to unpack .../09-libhwasan0_14.2.0-4ubuntu2~24.04.1_amd64.deb ...
Unpacking libhwasan0:amd64 (14.2.0-4ubuntu2~24.04.1) over (14.2.0-4ubuntu2~24.04) ...
Preparing to unpack .../10-libgomp1_14.2.0-4ubuntu2~24.04.1_amd64.deb ...
Unpacking libgomp1:amd64 (14.2.0-4ubuntu2~24.04.1) over (14.2.0-4ubuntu2~24.04) ...
Preparing to unpack .../11-libgfortran5_14.2.0-4ubuntu2~24.04.1_amd64.deb ...
Unpacking libgfortran5:amd64 (14.2.0-4ubuntu2~24.04.1) over (14.2.0-4ubuntu2~24.04) ...
Preparing to unpack .../12-gcc-14-base_14.2.0-4ubuntu2~24.04.1_amd64.deb ...
Unpacking gcc-14-base:amd64 (14.2.0-4ubuntu2~24.04.1) over (14.2.0-4ubuntu2~24.04) ...
Selecting previously unselected package gcc-14-base:i386.
Preparing to unpack .../13-gcc-14-base_14.2.0-4ubuntu2~24.04.1_i386.deb ...
Unpacking gcc-14-base:i386 (14.2.0-4ubuntu2~24.04.1) ...
Setting up gcc-14-base:amd64 (14.2.0-4ubuntu2~24.04.1) ...
(Reading database ... 505205 files and directories currently installed.)
Preparing to unpack .../libgcc-s1_14.2.0-4ubuntu2~24.04.1_amd64.deb ...
Unpacking libgcc-s1:amd64 (14.2.0-4ubuntu2~24.04.1) over (14.2.0-4ubuntu2~24.04) ...
Selecting previously unselected package libgcc-s1:i386.
Preparing to unpack .../libgcc-s1_14.2.0-4ubuntu2~24.04.1_i386.deb ...
Unpacking libgcc-s1:i386 (14.2.0-4ubuntu2~24.04.1) ...
Setting up libgcc-s1:amd64 (14.2.0-4ubuntu2~24.04.1) ...
(Reading database ... 505207 files and directories currently installed.)
Preparing to unpack .../libcc1-0_14.2.0-4ubuntu2~24.04.1_amd64.deb ...
Unpacking libcc1-0:amd64 (14.2.0-4ubuntu2~24.04.1) over (14.2.0-4ubuntu2~24.04) ...
Preparing to unpack .../libatomic1_14.2.0-4ubuntu2~24.04.1_amd64.deb ...
Unpacking libatomic1:amd64 (14.2.0-4ubuntu2~24.04.1) over (14.2.0-4ubuntu2~24.04) ...
Preparing to unpack .../libstdc++6_14.2.0-4ubuntu2~24.04.1_amd64.deb ...
Unpacking libstdc++6:amd64 (14.2.0-4ubuntu2~24.04.1) over (14.2.0-4ubuntu2~24.04) ...
Selecting previously unselected package libstdc++6:i386.
Preparing to unpack .../libstdc++6_14.2.0-4ubuntu2~24.04.1_i386.deb ...
Unpacking libstdc++6:i386 (14.2.0-4ubuntu2~24.04.1) ...
Setting up libstdc++6:amd64 (14.2.0-4ubuntu2~24.04.1) ...
(Reading database ... 505211 files and directories currently installed.)
Preparing to unpack .../libc6_2.39-0ubuntu8.9_amd64.deb ...
Unpacking libc6:amd64 (2.39-0ubuntu8.9) over (2.39-0ubuntu8.6) ...
Selecting previously unselected package libc6:i386.
Preparing to unpack .../libc6_2.39-0ubuntu8.9_i386.deb ...
Unpacking libc6:i386 (2.39-0ubuntu8.9) ...
Setting up libc6:amd64 (2.39-0ubuntu8.9) ...
Selecting previously unselected package gstreamer1.0-libav:amd64.
(Reading database ... 505492 files and directories currently installed.)
Preparing to unpack .../00-gstreamer1.0-libav_1.24.1-1build1_amd64.deb ...
Unpacking gstreamer1.0-libav:amd64 (1.24.1-1build1) ...
Selecting previously unselected package libsidplay1v5:amd64.
Preparing to unpack .../01-libsidplay1v5_1.36.60-1build1_amd64.deb ...
Unpacking libsidplay1v5:amd64 (1.36.60-1build1) ...
Selecting previously unselected package gstreamer1.0-plugins-ugly:amd64.
Preparing to unpack .../02-gstreamer1.0-plugins-ugly_1.24.1-1build1_amd64.deb ...
Unpacking gstreamer1.0-plugins-ugly:amd64 (1.24.1-1build1) ...
Selecting previously unselected package fonts-dejavu-extra.
Preparing to unpack .../03-fonts-dejavu-extra_2.37-8_all.deb ...
Unpacking fonts-dejavu-extra (2.37-8) ...
Selecting previously unselected package fonts-dejavu.
Preparing to unpack .../04-fonts-dejavu_2.37-8_all.deb ...
Unpacking fonts-dejavu (2.37-8) ...
Selecting previously unselected package fonts-crosextra-carlito.
Preparing to unpack .../05-fonts-crosextra-carlito_20230309-2_all.deb ...
Unpacking fonts-crosextra-carlito (20230309-2) ...
Selecting previously unselected package libonig5:amd64.
Preparing to unpack .../06-libonig5_6.9.9-1build1_amd64.deb ...
Unpacking libonig5:amd64 (6.9.9-1build1) ...
Selecting previously unselected package libjq1:amd64.
Preparing to unpack .../07-libjq1_1.7.1-3ubuntu0.24.04.2_amd64.deb ...
Unpacking libjq1:amd64 (1.7.1-3ubuntu0.24.04.2) ...
Selecting previously unselected package jq.
Preparing to unpack .../08-jq_1.7.1-3ubuntu0.24.04.2_amd64.deb ...
Unpacking jq (1.7.1-3ubuntu0.24.04.2) ...
Preparing to unpack .../09-libexpat1_2.6.1-2ubuntu0.5_amd64.deb ...
Unpacking libexpat1:amd64 (2.6.1-2ubuntu0.5) over (2.6.1-2ubuntu0.3) ...
Preparing to unpack .../10-libdrm-common_2.4.125-1ubuntu0.1~24.04.2_all.deb ...
Unpacking libdrm-common (2.4.125-1ubuntu0.1~24.04.2) over (2.4.122-1~ubuntu0.24.04.2) ...
Preparing to unpack .../11-libdrm2_2.4.125-1ubuntu0.1~24.04.2_amd64.deb ...
Unpacking libdrm2:amd64 (2.4.125-1ubuntu0.1~24.04.2) over (2.4.122-1~ubuntu0.24.04.2) ...
Preparing to unpack .../12-mesa-va-drivers_25.2.8-0ubuntu0.24.04.2_amd64.deb ...
Unpacking mesa-va-drivers:amd64 (25.2.8-0ubuntu0.24.04.2) over (25.0.7-0ubuntu0.24.04.2) ...
Preparing to unpack .../13-libgl1-mesa-dri_25.2.8-0ubuntu0.24.04.2_amd64.deb ...
Unpacking libgl1-mesa-dri:amd64 (25.2.8-0ubuntu0.24.04.2) over (25.0.7-0ubuntu0.24.04.2) ...
Preparing to unpack .../14-libglx-mesa0_25.2.8-0ubuntu0.24.04.2_amd64.deb ...
Unpacking libglx-mesa0:amd64 (25.2.8-0ubuntu0.24.04.2) over (25.0.7-0ubuntu0.24.04.2) ...
Preparing to unpack .../15-libdrm-amdgpu1_2.4.125-1ubuntu0.1~24.04.2_amd64.deb ...
Unpacking libdrm-amdgpu1:amd64 (2.4.125-1ubuntu0.1~24.04.2) over (2.4.122-1~ubuntu0.24.04.2) ...
Preparing to unpack .../16-libdrm-intel1_2.4.125-1ubuntu0.1~24.04.2_amd64.deb ...
Unpacking libdrm-intel1:amd64 (2.4.125-1ubuntu0.1~24.04.2) over (2.4.122-1~ubuntu0.24.04.2) ...
Preparing to unpack .../17-zlib1g_1%3a1.3.dfsg-3.1ubuntu2.2_amd64.deb ...
Unpacking zlib1g:amd64 (1:1.3.dfsg-3.1ubuntu2.2) over (1:1.3.dfsg-3.1ubuntu2.1) ...
Selecting previously unselected package zlib1g:i386.
Preparing to unpack .../18-zlib1g_1%3a1.3.dfsg-3.1ubuntu2.2_i386.deb ...
Unpacking zlib1g:i386 (1:1.3.dfsg-3.1ubuntu2.2) ...
Setting up zlib1g:amd64 (1:1.3.dfsg-3.1ubuntu2.2) ...
(Reading database ... 505650 files and directories currently installed.)
Preparing to unpack .../liblzma5_5.6.1+really5.4.5-1ubuntu0.3_amd64.deb ...
Unpacking liblzma5:amd64 (5.6.1+really5.4.5-1ubuntu0.3) over (5.6.1+really5.4.5-1ubuntu0.2) ...
Selecting previously unselected package liblzma5:i386.
Preparing to unpack .../liblzma5_5.6.1+really5.4.5-1ubuntu0.3_i386.deb ...
Unpacking liblzma5:i386 (5.6.1+really5.4.5-1ubuntu0.3) ...
Setting up liblzma5:amd64 (5.6.1+really5.4.5-1ubuntu0.3) ...
(Reading database ... 505652 files and directories currently installed.)
Preparing to unpack .../00-libxml2_2.9.14+dfsg-1.3ubuntu3.9_amd64.deb ...
Unpacking libxml2:amd64 (2.9.14+dfsg-1.3ubuntu3.9) over (2.9.14+dfsg-1.3ubuntu3.6) ...
Preparing to unpack .../01-libllvm20_1%3a20.1.2-0ubuntu1~24.04.3_amd64.deb ...
Unpacking libllvm20:amd64 (1:20.1.2-0ubuntu1~24.04.3) over (1:20.1.2-0ubuntu1~24.04.2) ...
Preparing to unpack .../02-libegl-mesa0_25.2.8-0ubuntu0.24.04.2_amd64.deb ...
Unpacking libegl-mesa0:amd64 (25.2.8-0ubuntu0.24.04.2) over (25.0.7-0ubuntu0.24.04.2) ...
Preparing to unpack .../03-libgbm1_25.2.8-0ubuntu0.24.04.2_amd64.deb ...
Unpacking libgbm1:amd64 (25.2.8-0ubuntu0.24.04.2) over (25.0.7-0ubuntu0.24.04.2) ...
Preparing to unpack .../04-mesa-libgallium_25.2.8-0ubuntu0.24.04.2_amd64.deb ...
Unpacking mesa-libgallium:amd64 (25.2.8-0ubuntu0.24.04.2) over (25.0.7-0ubuntu0.24.04.2) ...
Selecting previously unselected package libxcb-ewmh2:amd64.
Preparing to unpack .../05-libxcb-ewmh2_0.4.1-1.1build3_amd64.deb ...
Unpacking libxcb-ewmh2:amd64 (0.4.1-1.1build3) ...
Selecting previously unselected package libxcb-cursor0:amd64.
Preparing to unpack .../06-libxcb-cursor0_0.1.4-1build1_amd64.deb ...
Unpacking libxcb-cursor0:amd64 (0.1.4-1build1) ...
Selecting previously unselected package libvulkan1:i386.
Preparing to unpack .../07-libvulkan1_1.3.275.0-1build1_i386.deb ...
Unpacking libvulkan1:i386 (1.3.275.0-1build1) ...
Selecting previously unselected package libmspack0t64:amd64.
Preparing to unpack .../08-libmspack0t64_0.11-1.1build1_amd64.deb ...
Unpacking libmspack0t64:amd64 (0.11-1.1build1) ...
Selecting previously unselected package cabextract.
Preparing to unpack .../09-cabextract_1.11-2_amd64.deb ...
Unpacking cabextract (1.11-2) ...
Selecting previously unselected package libglvnd0:i386.
Preparing to unpack .../10-libglvnd0_1.7.0-1build1_i386.deb ...
Unpacking libglvnd0:i386 (1.7.0-1build1) ...
Selecting previously unselected package libxau6:i386.
Preparing to unpack .../11-libxau6_1%3a1.0.9-1build6_i386.deb ...
Unpacking libxau6:i386 (1:1.0.9-1build6) ...
Selecting previously unselected package libmd0:i386.
Preparing to unpack .../12-libmd0_1.1.0-2build1.1_i386.deb ...
Unpacking libmd0:i386 (1.1.0-2build1.1) ...
Selecting previously unselected package libbsd0:i386.
Preparing to unpack .../13-libbsd0_0.12.1-1build1.1_i386.deb ...
Unpacking libbsd0:i386 (0.12.1-1build1.1) ...
Selecting previously unselected package libxdmcp6:i386.
Preparing to unpack .../14-libxdmcp6_1%3a1.1.3-0ubuntu6_i386.deb ...
Unpacking libxdmcp6:i386 (1:1.1.3-0ubuntu6) ...
Selecting previously unselected package libxcb1:i386.
Preparing to unpack .../15-libxcb1_1.15-1ubuntu2_i386.deb ...
Unpacking libxcb1:i386 (1.15-1ubuntu2) ...
Selecting previously unselected package libx11-6:i386.
Preparing to unpack .../16-libx11-6_2%3a1.8.7-1build1_i386.deb ...
Unpacking libx11-6:i386 (2:1.8.7-1build1) ...
Selecting previously unselected package libdrm2:i386.
Preparing to unpack .../17-libdrm2_2.4.125-1ubuntu0.1~24.04.2_i386.deb ...
Unpacking libdrm2:i386 (2.4.125-1ubuntu0.1~24.04.2) ...
Selecting previously unselected package libexpat1:i386.
Preparing to unpack .../18-libexpat1_2.6.1-2ubuntu0.5_i386.deb ...
Unpacking libexpat1:i386 (2.6.1-2ubuntu0.5) ...
Selecting previously unselected package libx11-xcb1:i386.
Preparing to unpack .../19-libx11-xcb1_2%3a1.8.7-1build1_i386.deb ...
Unpacking libx11-xcb1:i386 (2:1.8.7-1build1) ...
Selecting previously unselected package libxcb-dri3-0:i386.
Preparing to unpack .../20-libxcb-dri3-0_1.15-1ubuntu2_i386.deb ...
Unpacking libxcb-dri3-0:i386 (1.15-1ubuntu2) ...
Selecting previously unselected package libxcb-glx0:i386.
Preparing to unpack .../21-libxcb-glx0_1.15-1ubuntu2_i386.deb ...
Unpacking libxcb-glx0:i386 (1.15-1ubuntu2) ...
Selecting previously unselected package libxcb-present0:i386.
Preparing to unpack .../22-libxcb-present0_1.15-1ubuntu2_i386.deb ...
Unpacking libxcb-present0:i386 (1.15-1ubuntu2) ...
Selecting previously unselected package libxcb-shm0:i386.
Preparing to unpack .../23-libxcb-shm0_1.15-1ubuntu2_i386.deb ...
Unpacking libxcb-shm0:i386 (1.15-1ubuntu2) ...
Selecting previously unselected package libxcb-xfixes0:i386.
Preparing to unpack .../24-libxcb-xfixes0_1.15-1ubuntu2_i386.deb ...
Unpacking libxcb-xfixes0:i386 (1.15-1ubuntu2) ...
Selecting previously unselected package libxext6:i386.
Preparing to unpack .../25-libxext6_2%3a1.3.4-1build2_i386.deb ...
Unpacking libxext6:i386 (2:1.3.4-1build2) ...
Selecting previously unselected package libxxf86vm1:i386.
Preparing to unpack .../26-libxxf86vm1_1%3a1.1.4-1build4_i386.deb ...
Unpacking libxxf86vm1:i386 (1:1.1.4-1build4) ...
Selecting previously unselected package libdrm-amdgpu1:i386.
Preparing to unpack .../27-libdrm-amdgpu1_2.4.125-1ubuntu0.1~24.04.2_i386.deb ...
Unpacking libdrm-amdgpu1:i386 (2.4.125-1ubuntu0.1~24.04.2) ...
Selecting previously unselected package libpciaccess0:i386.
Preparing to unpack .../28-libpciaccess0_0.17-3ubuntu0.24.04.2_i386.deb ...
Unpacking libpciaccess0:i386 (0.17-3ubuntu0.24.04.2) ...
Selecting previously unselected package libdrm-intel1:i386.
Preparing to unpack .../29-libdrm-intel1_2.4.125-1ubuntu0.1~24.04.2_i386.deb ...
Unpacking libdrm-intel1:i386 (2.4.125-1ubuntu0.1~24.04.2) ...
Selecting previously unselected package libzstd1:i386.
Preparing to unpack .../30-libzstd1_1.5.5+dfsg2-2build1.1_i386.deb ...
Unpacking libzstd1:i386 (1.5.5+dfsg2-2build1.1) ...
Selecting previously unselected package libelf1t64:i386.
Preparing to unpack .../31-libelf1t64_0.190-1.1ubuntu0.1_i386.deb ...
Unpacking libelf1t64:i386 (0.190-1.1ubuntu0.1) ...
Selecting previously unselected package libatomic1:i386.
Preparing to unpack .../32-libatomic1_14.2.0-4ubuntu2~24.04.1_i386.deb ...
Unpacking libatomic1:i386 (14.2.0-4ubuntu2~24.04.1) ...
Preparing to unpack .../33-libncursesw6_6.4+20240113-1ubuntu2.2_amd64.deb ...
Unpacking libncursesw6:amd64 (6.4+20240113-1ubuntu2.2) over (6.4+20240113-1ubuntu2) ...
Preparing to unpack .../34-libncurses6_6.4+20240113-1ubuntu2.2_amd64.deb ...
Unpacking libncurses6:amd64 (6.4+20240113-1ubuntu2.2) over (6.4+20240113-1ubuntu2) ...
Preparing to unpack .../35-libtinfo6_6.4+20240113-1ubuntu2.2_amd64.deb ...
Unpacking libtinfo6:amd64 (6.4+20240113-1ubuntu2.2) over (6.4+20240113-1ubuntu2) ...
Selecting previously unselected package libtinfo6:i386.
Preparing to unpack .../36-libtinfo6_6.4+20240113-1ubuntu2.2_i386.deb ...
Unpacking libtinfo6:i386 (6.4+20240113-1ubuntu2.2) ...
Setting up libtinfo6:amd64 (6.4+20240113-1ubuntu2.2) ...
Selecting previously unselected package libedit2:i386.
(Reading database ... 505743 files and directories currently installed.)
Preparing to unpack .../00-libedit2_3.1-20230828-1build1_i386.deb ...
Unpacking libedit2:i386 (3.1-20230828-1build1) ...
Selecting previously unselected package libffi8:i386.
Preparing to unpack .../01-libffi8_3.4.6-1build1_i386.deb ...
Unpacking libffi8:i386 (3.4.6-1build1) ...
Selecting previously unselected package libicu74:i386.
Preparing to unpack .../02-libicu74_74.2-1ubuntu3.1_i386.deb ...
Unpacking libicu74:i386 (74.2-1ubuntu3.1) ...
Selecting previously unselected package libxml2:i386.
Preparing to unpack .../03-libxml2_2.9.14+dfsg-1.3ubuntu3.9_i386.deb ...
Unpacking libxml2:i386 (2.9.14+dfsg-1.3ubuntu3.9) ...
Selecting previously unselected package libllvm20:i386.
Preparing to unpack .../04-libllvm20_1%3a20.1.2-0ubuntu1~24.04.3_i386.deb ...
Unpacking libllvm20:i386 (1:20.1.2-0ubuntu1~24.04.3) ...
Selecting previously unselected package libsensors5:i386.
Preparing to unpack .../05-libsensors5_1%3a3.6.0-9build1_i386.deb ...
Unpacking libsensors5:i386 (1:3.6.0-9build1) ...
Selecting previously unselected package libxcb-randr0:i386.
Preparing to unpack .../06-libxcb-randr0_1.15-1ubuntu2_i386.deb ...
Unpacking libxcb-randr0:i386 (1.15-1ubuntu2) ...
Selecting previously unselected package libxcb-sync1:i386.
Preparing to unpack .../07-libxcb-sync1_1.15-1ubuntu2_i386.deb ...
Unpacking libxcb-sync1:i386 (1.15-1ubuntu2) ...
Selecting previously unselected package libxshmfence1:i386.
Preparing to unpack .../08-libxshmfence1_1.3-1build5_i386.deb ...
Unpacking libxshmfence1:i386 (1.3-1build5) ...
Selecting previously unselected package mesa-libgallium:i386.
Preparing to unpack .../09-mesa-libgallium_25.2.8-0ubuntu0.24.04.2_i386.deb ...
Unpacking mesa-libgallium:i386 (25.2.8-0ubuntu0.24.04.2) ...
Selecting previously unselected package libgbm1:i386.
Preparing to unpack .../10-libgbm1_25.2.8-0ubuntu0.24.04.2_i386.deb ...
Unpacking libgbm1:i386 (25.2.8-0ubuntu0.24.04.2) ...
Selecting previously unselected package libgl1-mesa-dri:i386.
Preparing to unpack .../11-libgl1-mesa-dri_25.2.8-0ubuntu0.24.04.2_i386.deb ...
Unpacking libgl1-mesa-dri:i386 (25.2.8-0ubuntu0.24.04.2) ...
Selecting previously unselected package libglx-mesa0:i386.
Preparing to unpack .../12-libglx-mesa0_25.2.8-0ubuntu0.24.04.2_i386.deb ...
Unpacking libglx-mesa0:i386 (25.2.8-0ubuntu0.24.04.2) ...
Selecting previously unselected package libglx0:i386.
Preparing to unpack .../13-libglx0_1.7.0-1build1_i386.deb ...
Unpacking libglx0:i386 (1.7.0-1build1) ...
Selecting previously unselected package libgl1:i386.
Preparing to unpack .../14-libgl1_1.7.0-1build1_i386.deb ...
Unpacking libgl1:i386 (1.7.0-1build1) ...
Selecting previously unselected package yad.
Preparing to unpack .../15-yad_0.40.0-1build3_amd64.deb ...
Unpacking yad (0.40.0-1build3) ...
Selecting previously unselected package libimage-exiftool-perl.
Preparing to unpack .../16-libimage-exiftool-perl_12.76+dfsg-1_all.deb ...
Unpacking libimage-exiftool-perl (12.76+dfsg-1) ...
Selecting previously unselected package smartmontools.
Preparing to unpack .../17-smartmontools_7.4-2build1_amd64.deb ...
Unpacking smartmontools (7.4-2build1) ...
Selecting previously unselected package libunistring5:i386.
Preparing to unpack .../18-libunistring5_1.1-2build1.1_i386.deb ...
Unpacking libunistring5:i386 (1.1-2build1.1) ...
Selecting previously unselected package libidn2-0:i386.
Preparing to unpack .../19-libidn2-0_2.3.7-2build1.1_i386.deb ...
Unpacking libidn2-0:i386 (2.3.7-2build1.1) ...
Selecting previously unselected package ubuntu-pro-client.
Preparing to unpack .../20-ubuntu-pro-client_37.2ubuntu~24.04.1_amd64.deb ...
Unpacking ubuntu-pro-client (37.2ubuntu~24.04.1) ...
Selecting previously unselected package ubuntu-pro-client-l10n.
Preparing to unpack .../21-ubuntu-pro-client-l10n_37.2ubuntu~24.04.1_amd64.deb ...
Unpacking ubuntu-pro-client-l10n (37.2ubuntu~24.04.1) ...
Selecting previously unselected package python3-distro-info.
Preparing to unpack .../22-python3-distro-info_1.7build1_all.deb ...
Unpacking python3-distro-info (1.7build1) ...
Selecting previously unselected package python3-update-manager.
Preparing to unpack .../23-python3-update-manager_1%3a24.04.12_all.deb ...
Unpacking python3-update-manager (1:24.04.12) ...
Selecting previously unselected package python3-distupgrade.
Preparing to unpack .../24-python3-distupgrade_1%3a24.04.29_all.deb ...
Unpacking python3-distupgrade (1:24.04.29) ...
Selecting previously unselected package ubuntu-release-upgrader-core.
Preparing to unpack .../25-ubuntu-release-upgrader-core_1%3a24.04.29_all.deb ...
Unpacking ubuntu-release-upgrader-core (1:24.04.29) ...
Selecting previously unselected package update-manager-core.
Preparing to unpack .../26-update-manager-core_1%3a24.04.12_all.deb ...
Unpacking update-manager-core (1:24.04.12) ...
Selecting previously unselected package libarchive-zip-perl.
Preparing to unpack .../27-libarchive-zip-perl_1.68-1_all.deb ...
Unpacking libarchive-zip-perl (1.68-1) ...
Selecting previously unselected package libcompress-raw-lzma-perl:amd64.
Preparing to unpack .../28-libcompress-raw-lzma-perl_2.209-1build2_amd64.deb ...
Unpacking libcompress-raw-lzma-perl:amd64 (2.209-1build2) ...
Selecting previously unselected package libio-compress-brotli-perl.
Preparing to unpack .../29-libio-compress-brotli-perl_0.004001-2build3_amd64.deb ...
Unpacking libio-compress-brotli-perl (0.004001-2build3) ...
Selecting previously unselected package libmime-charset-perl.
Preparing to unpack .../30-libmime-charset-perl_1.013.1-2_all.deb ...
Unpacking libmime-charset-perl (1.013.1-2) ...
Selecting previously unselected package libsombok3:amd64.
Preparing to unpack .../31-libsombok3_2.4.0-2build1_amd64.deb ...
Unpacking libsombok3:amd64 (2.4.0-2build1) ...
Selecting previously unselected package libunicode-linebreak-perl.
Preparing to unpack .../32-libunicode-linebreak-perl_0.0.20190101-1build7_amd64.deb ...
Unpacking libunicode-linebreak-perl (0.0.20190101-1build7) ...
Selecting previously unselected package libwayland-client0:i386.
Preparing to unpack .../33-libwayland-client0_1.22.0-2.1build1_i386.deb ...
Unpacking libwayland-client0:i386 (1.22.0-2.1build1) ...
Preparing to unpack .../34-mesa-vulkan-drivers_25.2.8-0ubuntu0.24.04.2_amd64.deb ...
Unpacking mesa-vulkan-drivers:amd64 (25.2.8-0ubuntu0.24.04.2) over (25.0.7-0ubuntu0.24.04.2) ...
Selecting previously unselected package mesa-vulkan-drivers:i386.
Preparing to unpack .../35-mesa-vulkan-drivers_25.2.8-0ubuntu0.24.04.2_i386.deb ...
Unpacking mesa-vulkan-drivers:i386 (25.2.8-0ubuntu0.24.04.2) ...
Setting up smartmontools (7.4-2build1) ...
/var/lib/smartmontools/drivedb/drivedb.h 7.3/5528 newly installed (NOT VERIFIED)
Running in chroot, ignoring command 'daemon-reload'
Created symlink /etc/systemd/system/multi-user.target.wants/smartd.service → /usr/lib/systemd/system/smartd.service.
Created symlink /etc/systemd/system/smartd.service → /usr/lib/systemd/system/smartmontools.service.
Created symlink /etc/systemd/system/multi-user.target.wants/smartmontools.service → /usr/lib/systemd/system/smartmontools.service.
Running in chroot, ignoring command 'daemon-reload'
Running in chroot, ignoring command 'is-active'
smartd.service is a disabled or a static unit, not starting it.
Running in chroot, ignoring command 'is-active'
Running in chroot, ignoring command 'start'
Setting up libexpat1:amd64 (2.6.1-2ubuntu0.5) ...
Setting up rudesktop (2.9.1147) ...
Running in chroot, ignoring command 'daemon-reload'
Created symlink /etc/systemd/system/multi-user.target.wants/rudesktop.service → /usr/lib/systemd/system/rudesktop.service.
Running in chroot, ignoring command 'start'
sudo: unknown user alex
sudo: error initializing audit plugin sudoers_audit
Setting up gcc-14-base:i386 (14.2.0-4ubuntu2~24.04.1) ...
Setting up libsombok3:amd64 (2.4.0-2build1) ...
Setting up libarchive-zip-perl (1.68-1) ...
Setting up libsidplay1v5:amd64 (1.36.60-1build1) ...
Setting up libmspack0t64:amd64 (0.11-1.1build1) ...
Setting up libgomp1:amd64 (14.2.0-4ubuntu2~24.04.1) ...
Setting up libimage-exiftool-perl (12.76+dfsg-1) ...
Setting up libc6-dbg:amd64 (2.39-0ubuntu8.9) ...
Setting up libcompress-raw-lzma-perl:amd64 (2.209-1build2) ...
Setting up fonts-crosextra-carlito (20230309-2) ...
Setting up libxcb-cursor0:amd64 (0.1.4-1build1) ...
Setting up libncurses6:amd64 (6.4+20240113-1ubuntu2.2) ...
Setting up libio-compress-brotli-perl (0.004001-2build3) ...
Setting up libquadmath0:amd64 (14.2.0-4ubuntu2~24.04.1) ...
Setting up libatomic1:amd64 (14.2.0-4ubuntu2~24.04.1) ...
Setting up libncursesw6:amd64 (6.4+20240113-1ubuntu2.2) ...
Setting up libgfortran5:amd64 (14.2.0-4ubuntu2~24.04.1) ...
Setting up libubsan1:amd64 (14.2.0-4ubuntu2~24.04.1) ...
Setting up fonts-dejavu-extra (2.37-8) ...
Setting up libhwasan0:amd64 (14.2.0-4ubuntu2~24.04.1) ...
Setting up libmime-charset-perl (1.013.1-2) ...
Setting up libasan8:amd64 (14.2.0-4ubuntu2~24.04.1) ...
Setting up gstreamer1.0-plugins-ugly:amd64 (1.24.1-1build1) ...
Setting up yad (0.40.0-1build3) ...
Setting up libxcb-ewmh2:amd64 (0.4.1-1.1build3) ...
Setting up libtsan2:amd64 (14.2.0-4ubuntu2~24.04.1) ...
Setting up libc-dev-bin (2.39-0ubuntu8.9) ...
Setting up libdrm-common (2.4.125-1ubuntu0.1~24.04.2) ...
Setting up python3-distro-info (1.7build1) ...
Setting up gstreamer1.0-libav:amd64 (1.24.1-1build1) ...
Setting up libxml2:amd64 (2.9.14+dfsg-1.3ubuntu3.9) ...
Setting up ubuntu-pro-client (37.2ubuntu~24.04.1) ...
Created symlink /etc/systemd/system/multi-user.target.wants/ua-reboot-cmds.service → /usr/lib/systemd/system/ua-reboot-cmds.service.
Created symlink /etc/systemd/system/timers.target.wants/ua-timer.timer → /usr/lib/systemd/system/ua-timer.timer.
Created symlink /etc/systemd/system/multi-user.target.wants/ubuntu-advantage.service → /usr/lib/systemd/system/ubuntu-advantage.service.
Running in chroot, ignoring command 'daemon-reload'
Running in chroot, ignoring command 'is-active'
Running in chroot, ignoring command 'start'
Running in chroot, ignoring command 'daemon-reload'
Running in chroot, ignoring command 'is-active'
Running in chroot, ignoring command 'start'
Setting up libcc1-0:amd64 (14.2.0-4ubuntu2~24.04.1) ...
Setting up libonig5:amd64 (6.9.9-1build1) ...
Setting up liblsan0:amd64 (14.2.0-4ubuntu2~24.04.1) ...
Setting up libitm1:amd64 (14.2.0-4ubuntu2~24.04.1) ...
Setting up ubuntu-pro-client-l10n (37.2ubuntu~24.04.1) ...
Setting up fonts-dejavu (2.37-8) ...
Setting up cabextract (1.11-2) ...
Setting up libjq1:amd64 (1.7.1-3ubuntu0.24.04.2) ...
Setting up max (26.18.0) ...
update-alternatives is /usr/bin/update-alternatives
update-alternatives: using /usr/share/max/bin/max to provide /usr/bin/max (max) in auto mode
Setting up libunicode-linebreak-perl (0.0.20190101-1build7) ...
Setting up onlyoffice-desktopeditors (9.1.0-173) ...
Setting up libllvm20:amd64 (1:20.1.2-0ubuntu1~24.04.3) ...
Setting up libdrm2:amd64 (2.4.125-1ubuntu0.1~24.04.2) ...
Setting up jq (1.7.1-3ubuntu0.24.04.2) ...
Setting up libc6-dev:amd64 (2.39-0ubuntu8.9) ...
Setting up ttf-mscorefonts-installer (3.8.1) ...

These fonts were provided by Microsoft "in the interest of cross-
platform compatibility".  This is no longer the case, but they are
still available from third parties.

You are free to download these fonts and use them for your own use,
but you may not redistribute them in modified form, including changes
to the file name or packaging format.

--2026-09-22 17:33:00--  https://downloads.sourceforge.net/corefonts/andale32.exe
Resolving downloads.sourceforge.net (downloads.sourceforge.net)... 104.18.12.149, 104.18.13.149, 2606:4700::6812:c95, ...
Connecting to downloads.sourceforge.net (downloads.sourceforge.net)|104.18.12.149|:443... connected.
HTTP request sent, awaiting response... 301 Moved Permanently
Location: https://downloads.sourceforge.net/project/corefonts/the%20fonts/final/andale32.exe [following]
--2026-09-22 17:33:01--  https://downloads.sourceforge.net/project/corefonts/the%20fonts/final/andale32.exe
Reusing existing connection to downloads.sourceforge.net:443.
HTTP request sent, awaiting response... 302 Found
Location: https://deac-riga.dl.sourceforge.net/project/corefonts/the%20fonts/final/andale32.exe?viasf=1&fid=7853eb3b084c5c4b&e=1790184781&st=4CyYk2soi1BUjsHY2KeEgw [following]
--2026-09-22 17:33:01--  https://deac-riga.dl.sourceforge.net/project/corefonts/the%20fonts/final/andale32.exe?viasf=1&fid=7853eb3b084c5c4b&e=1790184781&st=4CyYk2soi1BUjsHY2KeEgw
Resolving deac-riga.dl.sourceforge.net (deac-riga.dl.sourceforge.net)... 89.111.52.100
Connecting to deac-riga.dl.sourceforge.net (deac-riga.dl.sourceforge.net)|89.111.52.100|:443... connected.
HTTP request sent, awaiting response... 200 OK
Length: 198384 (194K) [application/octet-stream]
Saving to: './andale32.exe'

     0K .......... .......... .......... .......... .......... 25%  938K 0s
    50K .......... .......... .......... .......... .......... 51%  489K 0s
   100K .......... .......... .......... .......... .......... 77% 21.5M 0s
   150K .......... .......... .......... .......... ...       100% 14.7M=0.2s

2026-09-22 17:33:02 (1.18 MB/s) - './andale32.exe' saved [198384/198384]

--2026-09-22 17:33:02--  https://downloads.sourceforge.net/corefonts/arialb32.exe
Resolving downloads.sourceforge.net (downloads.sourceforge.net)... 104.18.12.149, 104.18.13.149, 2606:4700::6812:c95, ...
Connecting to downloads.sourceforge.net (downloads.sourceforge.net)|104.18.12.149|:443... connected.
HTTP request sent, awaiting response... 301 Moved Permanently
Location: https://downloads.sourceforge.net/project/corefonts/the%20fonts/final/arialb32.exe [following]
--2026-09-22 17:33:02--  https://downloads.sourceforge.net/project/corefonts/the%20fonts/final/arialb32.exe
Reusing existing connection to downloads.sourceforge.net:443.
HTTP request sent, awaiting response... 302 Found
Location: https://sf-eu-introserv-1.dl.sourceforge.net/project/corefonts/the%20fonts/final/arialb32.exe?viasf=1&fid=f7317db94c01163d&e=1790184783&st=CajCaK23fzJDnwTvvWv1dg [following]
--2026-09-22 17:33:03--  https://sf-eu-introserv-1.dl.sourceforge.net/project/corefonts/the%20fonts/final/arialb32.exe?viasf=1&fid=f7317db94c01163d&e=1790184783&st=CajCaK23fzJDnwTvvWv1dg
Resolving sf-eu-introserv-1.dl.sourceforge.net (sf-eu-introserv-1.dl.sourceforge.net)... 141.95.66.71
Connecting to sf-eu-introserv-1.dl.sourceforge.net (sf-eu-introserv-1.dl.sourceforge.net)|141.95.66.71|:443... connected.
HTTP request sent, awaiting response... 200 OK
Length: 168176 (164K) [application/octet-stream]
Saving to: './arialb32.exe'

     0K .......... .......... .......... .......... .......... 30%  751K 0s
    50K .......... .......... .......... .......... .......... 60%  807K 0s
   100K .......... .......... .......... .......... .......... 91% 8.29M 0s
   150K .......... ....                                       100% 9.18M=0.1s

2026-09-22 17:33:03 (1.18 MB/s) - './arialb32.exe' saved [168176/168176]

--2026-09-22 17:33:03--  https://downloads.sourceforge.net/corefonts/arial32.exe
Resolving downloads.sourceforge.net (downloads.sourceforge.net)... 104.18.13.149, 104.18.12.149, 2606:4700::6812:d95, ...
Connecting to downloads.sourceforge.net (downloads.sourceforge.net)|104.18.13.149|:443... connected.
HTTP request sent, awaiting response... 301 Moved Permanently
Location: https://downloads.sourceforge.net/project/corefonts/the%20fonts/final/arial32.exe [following]
--2026-09-22 17:33:04--  https://downloads.sourceforge.net/project/corefonts/the%20fonts/final/arial32.exe
Reusing existing connection to downloads.sourceforge.net:443.
HTTP request sent, awaiting response... 302 Found
Location: https://deac-riga.dl.sourceforge.net/project/corefonts/the%20fonts/final/arial32.exe?viasf=1&fid=3fdfd49c0822caa1&e=1790184784&st=WRewUG_jSyWCG6nJs9YXeg [following]
--2026-09-22 17:33:04--  https://deac-riga.dl.sourceforge.net/project/corefonts/the%20fonts/final/arial32.exe?viasf=1&fid=3fdfd49c0822caa1&e=1790184784&st=WRewUG_jSyWCG6nJs9YXeg
Resolving deac-riga.dl.sourceforge.net (deac-riga.dl.sourceforge.net)... 89.111.52.100
Connecting to deac-riga.dl.sourceforge.net (deac-riga.dl.sourceforge.net)|89.111.52.100|:443... connected.
HTTP request sent, awaiting response... 200 OK
Length: 554208 (541K) [application/octet-stream]
Saving to: './arial32.exe'

     0K .......... .......... .......... .......... ..........  9%  915K 1s
    50K .......... .......... .......... .......... .......... 18% 1022K 0s
   100K .......... .......... .......... .......... .......... 27% 5.78M 0s
   150K .......... .......... .......... .......... .......... 36% 1.43M 0s
   200K .......... .......... .......... .......... .......... 46% 5.48M 0s
   250K .......... .......... .......... .......... .......... 55% 7.55M 0s
   300K .......... .......... .......... .......... .......... 64% 8.72M 0s
   350K .......... .......... .......... .......... .......... 73% 1.97M 0s
   400K .......... .......... .......... .......... .......... 83% 5.80M 0s
   450K .......... .......... .......... .......... .......... 92% 9.30M 0s
   500K .......... .......... .......... .......... .         100% 13.7M=0.2s

2026-09-22 17:33:05 (2.54 MB/s) - './arial32.exe' saved [554208/554208]

--2026-09-22 17:33:05--  https://downloads.sourceforge.net/corefonts/comic32.exe
Resolving downloads.sourceforge.net (downloads.sourceforge.net)... 104.18.12.149, 104.18.13.149, 2606:4700::6812:d95, ...
Connecting to downloads.sourceforge.net (downloads.sourceforge.net)|104.18.12.149|:443... connected.
HTTP request sent, awaiting response... 301 Moved Permanently
Location: https://downloads.sourceforge.net/project/corefonts/the%20fonts/final/comic32.exe [following]
--2026-09-22 17:33:05--  https://downloads.sourceforge.net/project/corefonts/the%20fonts/final/comic32.exe
Reusing existing connection to downloads.sourceforge.net:443.
HTTP request sent, awaiting response... 302 Found
Location: https://deac-ams.dl.sourceforge.net/project/corefonts/the%20fonts/final/comic32.exe?viasf=1&fid=d156d78061e6b14a&e=1790184785&st=gmX-oQ29R-cdMq5VA-gP5w [following]
--2026-09-22 17:33:05--  https://deac-ams.dl.sourceforge.net/project/corefonts/the%20fonts/final/comic32.exe?viasf=1&fid=d156d78061e6b14a&e=1790184785&st=gmX-oQ29R-cdMq5VA-gP5w
Resolving deac-ams.dl.sourceforge.net (deac-ams.dl.sourceforge.net)... 185.34.27.55
Connecting to deac-ams.dl.sourceforge.net (deac-ams.dl.sourceforge.net)|185.34.27.55|:443... connected.
HTTP request sent, awaiting response... 200 OK
Length: 246008 (240K) [application/octet-stream]
Saving to: './comic32.exe'

     0K .......... .......... .......... .......... .......... 20%  481K 0s
    50K .......... .......... .......... .......... .......... 41% 1.32M 0s
   100K .......... .......... .......... .......... .......... 62% 1.26M 0s
   150K .......... .......... .......... .......... .......... 83% 2.34M 0s
   200K .......... .......... .......... ..........           100% 2.94M=0.2s

2026-09-22 17:33:06 (1.10 MB/s) - './comic32.exe' saved [246008/246008]

--2026-09-22 17:33:06--  https://downloads.sourceforge.net/corefonts/courie32.exe
Resolving downloads.sourceforge.net (downloads.sourceforge.net)... 104.18.13.149, 104.18.12.149, 2606:4700::6812:d95, ...
Connecting to downloads.sourceforge.net (downloads.sourceforge.net)|104.18.13.149|:443... connected.
HTTP request sent, awaiting response... 301 Moved Permanently
Location: https://downloads.sourceforge.net/project/corefonts/the%20fonts/final/courie32.exe [following]
--2026-09-22 17:33:06--  https://downloads.sourceforge.net/project/corefonts/the%20fonts/final/courie32.exe
Reusing existing connection to downloads.sourceforge.net:443.
HTTP request sent, awaiting response... 302 Found
Location: https://altushost-net.dl.sourceforge.net/project/corefonts/the%20fonts/final/courie32.exe?viasf=1&fid=b3187fc2387f0a2d&e=1790184787&st=SZys09rObkjGm_BKCW2SDA [following]
--2026-09-22 17:33:07--  https://altushost-net.dl.sourceforge.net/project/corefonts/the%20fonts/final/courie32.exe?viasf=1&fid=b3187fc2387f0a2d&e=1790184787&st=SZys09rObkjGm_BKCW2SDA
Resolving altushost-net.dl.sourceforge.net (altushost-net.dl.sourceforge.net)... 79.142.66.6
Connecting to altushost-net.dl.sourceforge.net (altushost-net.dl.sourceforge.net)|79.142.66.6|:443... connected.
HTTP request sent, awaiting response... 200 OK
Length: 646368 (631K) [application/octet-stream]
Saving to: './courie32.exe'

     0K .......... .......... .......... .......... ..........  7%  766K 1s
    50K .......... .......... .......... .......... .......... 15%  856K 1s
   100K .......... .......... .......... .......... .......... 23% 5.96M 0s
   150K .......... .......... .......... .......... .......... 31%  517K 0s
   200K .......... .......... .......... .......... .......... 39%  253M 0s
   250K .......... .......... .......... .......... .......... 47%  391M 0s
   300K .......... .......... .......... .......... .......... 55%  392M 0s
   350K .......... .......... .......... .......... .......... 63%  771K 0s
   400K .......... .......... .......... .......... .......... 71% 33.7M 0s
   450K .......... .......... .......... .......... .......... 79%  358M 0s
   500K .......... .......... .......... .......... .......... 87% 75.6M 0s
   550K .......... .......... .......... .......... .......... 95% 2.24M 0s
   600K .......... .......... .......... .                    100% 10.1M=0.3s

2026-09-22 17:33:07 (1.92 MB/s) - './courie32.exe' saved [646368/646368]

--2026-09-22 17:33:07--  https://downloads.sourceforge.net/corefonts/georgi32.exe
Resolving downloads.sourceforge.net (downloads.sourceforge.net)... 104.18.13.149, 104.18.12.149, 2606:4700::6812:d95, ...
Connecting to downloads.sourceforge.net (downloads.sourceforge.net)|104.18.13.149|:443... connected.
HTTP request sent, awaiting response... 301 Moved Permanently
Location: https://downloads.sourceforge.net/project/corefonts/the%20fonts/final/georgi32.exe [following]
--2026-09-22 17:33:08--  https://downloads.sourceforge.net/project/corefonts/the%20fonts/final/georgi32.exe
Reusing existing connection to downloads.sourceforge.net:443.
HTTP request sent, awaiting response... 302 Found
Location: https://unlimited.dl.sourceforge.net/project/corefonts/the%20fonts/final/georgi32.exe?viasf=1&fid=3da9bf6dab417436&e=1790184788&st=6tzd7lqWvjc5RbTvEcaFXA [following]
--2026-09-22 17:33:08--  https://unlimited.dl.sourceforge.net/project/corefonts/the%20fonts/final/georgi32.exe?viasf=1&fid=3da9bf6dab417436&e=1790184788&st=6tzd7lqWvjc5RbTvEcaFXA
Resolving unlimited.dl.sourceforge.net (unlimited.dl.sourceforge.net)... 185.119.90.247
Connecting to unlimited.dl.sourceforge.net (unlimited.dl.sourceforge.net)|185.119.90.247|:443... connected.
HTTP request sent, awaiting response... 200 OK
Length: 392440 (383K) [application/octet-stream]
Saving to: './georgi32.exe'

     0K .......... .......... .......... .......... .......... 13%  729K 0s
    50K .......... .......... .......... .......... .......... 26%  773K 0s
   100K .......... .......... .......... .......... .......... 39% 9.05M 0s
   150K .......... .......... .......... .......... .......... 52% 1.39M 0s
   200K .......... .......... .......... .......... .......... 65% 1.72M 0s
   250K .......... .......... .......... .......... .......... 78% 8.26M 0s
   300K .......... .......... .......... .......... .......... 91% 9.77M 0s
   350K .......... .......... .......... ...                  100% 52.7K=0.8s

2026-09-22 17:33:09 (454 KB/s) - './georgi32.exe' saved [392440/392440]

--2026-09-22 17:33:09--  https://downloads.sourceforge.net/corefonts/impact32.exe
Resolving downloads.sourceforge.net (downloads.sourceforge.net)... 104.18.13.149, 104.18.12.149, 2606:4700::6812:c95, ...
Connecting to downloads.sourceforge.net (downloads.sourceforge.net)|104.18.13.149|:443... connected.
HTTP request sent, awaiting response... 301 Moved Permanently
Location: https://downloads.sourceforge.net/project/corefonts/the%20fonts/final/impact32.exe [following]
--2026-09-22 17:33:10--  https://downloads.sourceforge.net/project/corefonts/the%20fonts/final/impact32.exe
Reusing existing connection to downloads.sourceforge.net:443.
HTTP request sent, awaiting response... 302 Found
Location: https://altushost-swe.dl.sourceforge.net/project/corefonts/the%20fonts/final/impact32.exe?viasf=1&fid=d7183a2f2b2ce159&e=1790184790&st=SJ2ZZu1A1U-4Oq1YfZDBQA [following]
--2026-09-22 17:33:10--  https://altushost-swe.dl.sourceforge.net/project/corefonts/the%20fonts/final/impact32.exe?viasf=1&fid=d7183a2f2b2ce159&e=1790184790&st=SJ2ZZu1A1U-4Oq1YfZDBQA
Resolving altushost-swe.dl.sourceforge.net (altushost-swe.dl.sourceforge.net)... 79.142.76.130
Connecting to altushost-swe.dl.sourceforge.net (altushost-swe.dl.sourceforge.net)|79.142.76.130|:443... connected.
HTTP request sent, awaiting response... 200 OK
Length: 173288 (169K) [application/octet-stream]
Saving to: './impact32.exe'

     0K .......... .......... .......... .......... .......... 29%  897K 0s
    50K .......... .......... .......... .......... .......... 59%  963K 0s
   100K .......... .......... .......... .......... .......... 88% 6.20M 0s
   150K .......... .........                                  100% 84.9K=0.3s

2026-09-22 17:33:11 (495 KB/s) - './impact32.exe' saved [173288/173288]

--2026-09-22 17:33:11--  https://downloads.sourceforge.net/corefonts/times32.exe
Resolving downloads.sourceforge.net (downloads.sourceforge.net)... 104.18.12.149, 104.18.13.149, 2606:4700::6812:d95, ...
Connecting to downloads.sourceforge.net (downloads.sourceforge.net)|104.18.12.149|:443... connected.
HTTP request sent, awaiting response... 301 Moved Permanently
Location: https://downloads.sourceforge.net/project/corefonts/the%20fonts/final/times32.exe [following]
--2026-09-22 17:33:11--  https://downloads.sourceforge.net/project/corefonts/the%20fonts/final/times32.exe
Reusing existing connection to downloads.sourceforge.net:443.
HTTP request sent, awaiting response... 302 Found
Location: https://sf-eu-introserv-1.dl.sourceforge.net/project/corefonts/the%20fonts/final/times32.exe?viasf=1&fid=94061fda873fb36c&e=1790184792&st=yplCRDwKh21gH13TmveOHg [following]
--2026-09-22 17:33:12--  https://sf-eu-introserv-1.dl.sourceforge.net/project/corefonts/the%20fonts/final/times32.exe?viasf=1&fid=94061fda873fb36c&e=1790184792&st=yplCRDwKh21gH13TmveOHg
Resolving sf-eu-introserv-1.dl.sourceforge.net (sf-eu-introserv-1.dl.sourceforge.net)... 141.95.66.71
Connecting to sf-eu-introserv-1.dl.sourceforge.net (sf-eu-introserv-1.dl.sourceforge.net)|141.95.66.71|:443... connected.
HTTP request sent, awaiting response... 200 OK
Length: 661728 (646K) [application/octet-stream]
Saving to: './times32.exe'

     0K .......... .......... .......... .......... ..........  7%  751K 1s
    50K .......... .......... .......... .......... .......... 15%  788K 1s
   100K .......... .......... .......... .......... .......... 23% 6.62M 0s
   150K .......... .......... .......... .......... .......... 30%  404K 1s
   200K .......... .......... .......... .......... .......... 38%  318M 0s
   250K .......... .......... .......... .......... .......... 46%  400M 0s
   300K .......... .......... .......... .......... .......... 54%  388M 0s
   350K .......... .......... .......... .......... .......... 61%  664K 0s
   400K .......... .......... .......... .......... .......... 69%  449M 0s
   450K .......... .......... .......... .......... .......... 77%  748K 0s
   500K .......... .......... .......... .......... .......... 85%  189M 0s
   550K .......... .......... .......... .......... .......... 92%  965K 0s
   600K .......... .......... .......... .......... ......    100% 3.35M=0.5s

2026-09-22 17:33:12 (1.34 MB/s) - './times32.exe' saved [661728/661728]

--2026-09-22 17:33:12--  https://downloads.sourceforge.net/corefonts/trebuc32.exe
Resolving downloads.sourceforge.net (downloads.sourceforge.net)... 104.18.12.149, 104.18.13.149, 2606:4700::6812:c95, ...
Connecting to downloads.sourceforge.net (downloads.sourceforge.net)|104.18.12.149|:443... connected.
HTTP request sent, awaiting response... 301 Moved Permanently
Location: https://downloads.sourceforge.net/project/corefonts/the%20fonts/final/trebuc32.exe [following]
--2026-09-22 17:33:13--  https://downloads.sourceforge.net/project/corefonts/the%20fonts/final/trebuc32.exe
Reusing existing connection to downloads.sourceforge.net:443.
HTTP request sent, awaiting response... 302 Found
Location: https://unlimited.dl.sourceforge.net/project/corefonts/the%20fonts/final/trebuc32.exe?viasf=1&fid=cf3fc5274ac2dd10&e=1790184793&st=TP7S2CRhk2lCtaVdp0bHoQ [following]
--2026-09-22 17:33:13--  https://unlimited.dl.sourceforge.net/project/corefonts/the%20fonts/final/trebuc32.exe?viasf=1&fid=cf3fc5274ac2dd10&e=1790184793&st=TP7S2CRhk2lCtaVdp0bHoQ
Resolving unlimited.dl.sourceforge.net (unlimited.dl.sourceforge.net)... 185.119.90.247
Connecting to unlimited.dl.sourceforge.net (unlimited.dl.sourceforge.net)|185.119.90.247|:443... connected.
HTTP request sent, awaiting response... 200 OK
Length: 357200 (349K) [application/octet-stream]
Saving to: './trebuc32.exe'

     0K .......... .......... .......... .......... .......... 14%  727K 0s
    50K .......... .......... .......... .......... .......... 28%  790K 0s
   100K .......... .......... .......... .......... .......... 43% 6.88M 0s
   150K .......... .......... .......... .......... .......... 57% 1.18M 0s
   200K .......... .......... .......... .......... .......... 71% 2.27M 0s
   250K .......... .......... .......... .......... .......... 86% 11.7M 0s
   300K .......... .......... .......... .......... ........  100% 8.12M=0.2s

2026-09-22 17:33:14 (1.61 MB/s) - './trebuc32.exe' saved [357200/357200]

--2026-09-22 17:33:14--  https://downloads.sourceforge.net/corefonts/verdan32.exe
Resolving downloads.sourceforge.net (downloads.sourceforge.net)... 104.18.12.149, 104.18.13.149, 2606:4700::6812:c95, ...
Connecting to downloads.sourceforge.net (downloads.sourceforge.net)|104.18.12.149|:443... connected.
HTTP request sent, awaiting response... 301 Moved Permanently
Location: https://downloads.sourceforge.net/project/corefonts/the%20fonts/final/verdan32.exe [following]
--2026-09-22 17:33:14--  https://downloads.sourceforge.net/project/corefonts/the%20fonts/final/verdan32.exe
Reusing existing connection to downloads.sourceforge.net:443.
HTTP request sent, awaiting response... 302 Found
Location: https://sf-eu-introserv-3.dl.sourceforge.net/project/corefonts/the%20fonts/final/verdan32.exe?viasf=1&fid=bc7a4a15866a1ca5&e=1790184794&st=B8gCjO-0Zl-uBHdE9Fs-3Q [following]
--2026-09-22 17:33:15--  https://sf-eu-introserv-3.dl.sourceforge.net/project/corefonts/the%20fonts/final/verdan32.exe?viasf=1&fid=bc7a4a15866a1ca5&e=1790184794&st=B8gCjO-0Zl-uBHdE9Fs-3Q
Resolving sf-eu-introserv-3.dl.sourceforge.net (sf-eu-introserv-3.dl.sourceforge.net)... 51.83.96.195
Connecting to sf-eu-introserv-3.dl.sourceforge.net (sf-eu-introserv-3.dl.sourceforge.net)|51.83.96.195|:443... connected.
HTTP request sent, awaiting response... 200 OK
Length: 351992 (344K) [application/octet-stream]
Saving to: './verdan32.exe'

     0K .......... .......... .......... .......... .......... 14%  776K 0s
    50K .......... .......... .......... .......... .......... 29%  821K 0s
   100K .......... .......... .......... .......... .......... 43% 6.17M 0s
   150K .......... .......... .......... .......... .......... 58%  474K 0s
   200K .......... .......... .......... .......... .......... 72%  223M 0s
   250K .......... .......... .......... .......... .......... 87%  331M 0s
   300K .......... .......... .......... .......... ...       100%  301M=0.2s

2026-09-22 17:33:15 (1.40 MB/s) - './verdan32.exe' saved [351992/351992]

--2026-09-22 17:33:15--  https://downloads.sourceforge.net/corefonts/webdin32.exe
Resolving downloads.sourceforge.net (downloads.sourceforge.net)... 104.18.12.149, 104.18.13.149, 2606:4700::6812:c95, ...
Connecting to downloads.sourceforge.net (downloads.sourceforge.net)|104.18.12.149|:443... connected.
HTTP request sent, awaiting response... 301 Moved Permanently
Location: https://downloads.sourceforge.net/project/corefonts/the%20fonts/final/webdin32.exe [following]
--2026-09-22 17:33:16--  https://downloads.sourceforge.net/project/corefonts/the%20fonts/final/webdin32.exe
Reusing existing connection to downloads.sourceforge.net:443.
HTTP request sent, awaiting response... 302 Found
Location: https://sf-eu-introserv-1.dl.sourceforge.net/project/corefonts/the%20fonts/final/webdin32.exe?viasf=1&fid=ae532eaa7d0a01c0&e=1790184796&st=JCsV5iLt72gbmnJRg2xFoA [following]
--2026-09-22 17:33:16--  https://sf-eu-introserv-1.dl.sourceforge.net/project/corefonts/the%20fonts/final/webdin32.exe?viasf=1&fid=ae532eaa7d0a01c0&e=1790184796&st=JCsV5iLt72gbmnJRg2xFoA
Resolving sf-eu-introserv-1.dl.sourceforge.net (sf-eu-introserv-1.dl.sourceforge.net)... 141.95.66.71
Connecting to sf-eu-introserv-1.dl.sourceforge.net (sf-eu-introserv-1.dl.sourceforge.net)|141.95.66.71|:443... connected.
HTTP request sent, awaiting response... 200 OK
Length: 185072 (181K) [application/octet-stream]
Saving to: './webdin32.exe'

     0K .......... .......... .......... .......... .......... 27%  871K 0s
    50K .......... .......... .......... .......... .......... 55%  968K 0s
   100K .......... .......... .......... .......... .......... 82% 5.68M 0s
   150K .......... .......... ..........                      100% 28.8M=0.1s

2026-09-22 17:33:16 (1.49 MB/s) - './webdin32.exe' saved [185072/185072]

andale32.exe: OK
Extracting cabinet: andale32.exe
  extracting fontinst.inf
  extracting andale.inf
  extracting fontinst.exe
  extracting AndaleMo.TTF
  extracting ADVPACK.DLL
  extracting W95INF32.DLL
  extracting W95INF16.DLL

All done, no errors.
arialb32.exe: OK
Extracting cabinet: arialb32.exe
  extracting fontinst.exe
  extracting fontinst.inf
  extracting AriBlk.TTF

All done, no errors.
arial32.exe: OK
Extracting cabinet: arial32.exe
  extracting FONTINST.EXE
  extracting fontinst.inf
  extracting Ariali.TTF
  extracting Arialbd.TTF
  extracting Arialbi.TTF
  extracting Arial.TTF

All done, no errors.
comic32.exe: OK
Extracting cabinet: comic32.exe
  extracting fontinst.inf
  extracting Comicbd.TTF
  extracting Comic.TTF
  extracting fontinst.exe

All done, no errors.
courie32.exe: OK
Extracting cabinet: courie32.exe
  extracting cour.ttf
  extracting courbd.ttf
  extracting courbi.ttf
  extracting fontinst.inf
  extracting couri.ttf
  extracting fontinst.exe

All done, no errors.
georgi32.exe: OK
Extracting cabinet: georgi32.exe
  extracting fontinst.inf
  extracting Georgiaz.TTF
  extracting Georgiab.TTF
  extracting Georgiai.TTF
  extracting Georgia.TTF
  extracting fontinst.exe

All done, no errors.
impact32.exe: OK
Extracting cabinet: impact32.exe
  extracting fontinst.exe
  extracting Impact.TTF
  extracting fontinst.inf

All done, no errors.
times32.exe: OK
Extracting cabinet: times32.exe
  extracting fontinst.inf
  extracting Times.TTF
  extracting Timesbd.TTF
  extracting Timesbi.TTF
  extracting Timesi.TTF
  extracting FONTINST.EXE

All done, no errors.
trebuc32.exe: OK
Extracting cabinet: trebuc32.exe
  extracting FONTINST.EXE
  extracting trebuc.ttf
  extracting Trebucbd.ttf
  extracting trebucbi.ttf
  extracting trebucit.ttf
  extracting fontinst.inf

All done, no errors.
verdan32.exe: OK
Extracting cabinet: verdan32.exe
  extracting fontinst.exe
  extracting fontinst.inf
  extracting Verdanab.TTF
  extracting Verdanai.TTF
  extracting Verdanaz.TTF
  extracting Verdana.TTF

All done, no errors.
webdin32.exe: OK
Extracting cabinet: webdin32.exe
  extracting fontinst.exe
  extracting Webdings.TTF
  extracting fontinst.inf
  extracting Licen.TXT

All done, no errors.
All fonts downloaded and installed.
Setting up libdrm-amdgpu1:amd64 (2.4.125-1ubuntu0.1~24.04.2) ...
Setting up mesa-vulkan-drivers:amd64 (25.2.8-0ubuntu0.24.04.2) ...
Setting up libdrm-intel1:amd64 (2.4.125-1ubuntu0.1~24.04.2) ...
Setting up mesa-libgallium:amd64 (25.2.8-0ubuntu0.24.04.2) ...
Setting up libgbm1:amd64 (25.2.8-0ubuntu0.24.04.2) ...
Setting up libgl1-mesa-dri:amd64 (25.2.8-0ubuntu0.24.04.2) ...
Setting up libegl-mesa0:amd64 (25.2.8-0ubuntu0.24.04.2) ...
Setting up yandex-browser-stable (26.4.1.1101-1) ...
Parallel unsquashfs: Using 12 processors
1 inodes (27 blocks) to write


created 1 file
created 3 directories
created 0 symlinks
created 0 devices
created 0 fifos
created 0 sockets
created 0 hardlinks
update-alternatives: using /usr/bin/yandex-browser-stable to provide /usr/bin/x-www-browser (x-www-browser) in auto mode
update-alternatives: using /usr/bin/yandex-browser-stable to provide /usr/bin/gnome-www-browser (gnome-www-browser) in auto mode
update-alternatives: using /usr/bin/yandex-browser-stable to provide /usr/bin/yandex-browser (yandex-browser) in auto mode
created /usr/share/kio_desktop/DesktopLinks
created /usr/share/kf5/kio_desktop/DesktopLinks
Setting up mesa-va-drivers:amd64 (25.2.8-0ubuntu0.24.04.2) ...
Setting up libglx-mesa0:amd64 (25.2.8-0ubuntu0.24.04.2) ...
Setting up libgcc-s1:i386 (14.2.0-4ubuntu2~24.04.1) ...
Setting up libc6:i386 (2.39-0ubuntu8.9) ...
Setting up libffi8:i386 (3.4.6-1build1) ...
Setting up libdrm2:i386 (2.4.125-1ubuntu0.1~24.04.2) ...
Setting up libmd0:i386 (1.1.0-2build1.1) ...
Setting up libxshmfence1:i386 (1.3-1build5) ...
Setting up libbsd0:i386 (0.12.1-1build1.1) ...
Setting up libstdc++6:i386 (14.2.0-4ubuntu2~24.04.1) ...
Setting up libtinfo6:i386 (6.4+20240113-1ubuntu2.2) ...
Setting up libdrm-amdgpu1:i386 (2.4.125-1ubuntu0.1~24.04.2) ...
Setting up libwayland-client0:i386 (1.22.0-2.1build1) ...
Setting up libexpat1:i386 (2.6.1-2ubuntu0.5) ...
Setting up libzstd1:i386 (1.5.5+dfsg2-2build1.1) ...
Setting up libxau6:i386 (1:1.0.9-1build6) ...
Setting up libxdmcp6:i386 (1:1.1.3-0ubuntu6) ...
Setting up libxcb1:i386 (1.15-1ubuntu2) ...
Setting up libxcb-xfixes0:i386 (1.15-1ubuntu2) ...
Setting up liblzma5:i386 (5.6.1+really5.4.5-1ubuntu0.3) ...
Setting up libglvnd0:i386 (1.7.0-1build1) ...
Setting up libxcb-glx0:i386 (1.15-1ubuntu2) ...
Setting up libedit2:i386 (3.1-20230828-1build1) ...
Setting up zlib1g:i386 (1:1.3.dfsg-3.1ubuntu2.2) ...
Setting up libxcb-shm0:i386 (1.15-1ubuntu2) ...
Setting up python3-distupgrade (1:24.04.29) ...
Setting up libelf1t64:i386 (0.190-1.1ubuntu0.1) ...
Setting up libxcb-present0:i386 (1.15-1ubuntu2) ...
Setting up libxcb-sync1:i386 (1.15-1ubuntu2) ...
Setting up libunistring5:i386 (1.1-2build1.1) ...
Setting up libatomic1:i386 (14.2.0-4ubuntu2~24.04.1) ...
Setting up ubuntu-release-upgrader-core (1:24.04.29) ...
Setting up libsensors5:i386 (1:3.6.0-9build1) ...
Setting up libvulkan1:i386 (1.3.275.0-1build1) ...
Setting up libicu74:i386 (74.2-1ubuntu3.1) ...
Setting up python3-update-manager (1:24.04.12) ...
Setting up libxcb-randr0:i386 (1.15-1ubuntu2) ...
Setting up libx11-6:i386 (2:1.8.7-1build1) ...
Setting up libxml2:i386 (2.9.14+dfsg-1.3ubuntu3.9) ...
Setting up libxcb-dri3-0:i386 (1.15-1ubuntu2) ...
Setting up libx11-xcb1:i386 (2:1.8.7-1build1) ...
Setting up libpciaccess0:i386 (0.17-3ubuntu0.24.04.2) ...
Setting up libdrm-intel1:i386 (2.4.125-1ubuntu0.1~24.04.2) ...
Setting up libxext6:i386 (2:1.3.4-1build2) ...
Setting up libidn2-0:i386 (2.3.7-2build1.1) ...
Setting up libxxf86vm1:i386 (1:1.1.4-1build4) ...
Setting up libllvm20:i386 (1:20.1.2-0ubuntu1~24.04.3) ...
Setting up update-manager-core (1:24.04.12) ...
Setting up mesa-vulkan-drivers:i386 (25.2.8-0ubuntu0.24.04.2) ...
Setting up mesa-libgallium:i386 (25.2.8-0ubuntu0.24.04.2) ...
Setting up libgbm1:i386 (25.2.8-0ubuntu0.24.04.2) ...
Setting up libgl1-mesa-dri:i386 (25.2.8-0ubuntu0.24.04.2) ...
Setting up libglx-mesa0:i386 (25.2.8-0ubuntu0.24.04.2) ...
Setting up libglx0:i386 (1.7.0-1build1) ...
Setting up libgl1:i386 (1.7.0-1build1) ...
Setting up portproton (1.7.3) ...
Processing triggers for fontconfig (2.15.0-1.1ubuntu2) ...
Processing triggers for desktop-file-utils (0.27-2build1) ...
Processing triggers for hicolor-icon-theme (0.17-2) ...
Processing triggers for gnome-menus (3.36.0-1.1ubuntu3) ...
Processing triggers for mate-menus (1.26.1+mint1) ...
Processing triggers for libc-bin (2.39-0ubuntu8.6) ...
Processing triggers for man-db (2.12.0-4build2) ...
Processing triggers for mailcap (3.70+nmu1ubuntu1) ...
[1;32m[ГОТОВО][0m .deb пакеты установлены.
[1;32m[ГОТОВО][0m Стадия 03 завершена: состав пакетов live-системы изменён.
[1;32m[ГОТОВО][0m === Стадия 'packages' выполнена ===
[1;34m[СБОРКА][0m === Стадия: brand (/home/alex/mint-src/scripts/04-branding.sh) ===
[1;34m[СБОРКА][0m Переименовываем 'Linux Mint' -> 'Alex Mint' в загрузочных конфигах ISO...
[1;34m[СБОРКА][0m Обновляем идентификацию системы внутри live-ФС...
[1;34m[СБОРКА][0m os-release после брендирования:
    NAME="Alex Mint"
    VERSION="22.3 (Zena)"
    ID=linuxmint
    ID_LIKE="ubuntu debian"
    PRETTY_NAME="Alex Mint 1.0"
[1;32m[ГОТОВО][0m mintreport: имя ОС заменено на 'Alex Mint'.
[1;32m[ГОТОВО][0m mintwelcome: имя ОС заменено на 'Alex Mint'.
[1;34m[СБОРКА][0m Применяем оверлей brand/root -> live-ФС...
[1;34m[СБОРКА][0m Настраиваем брендовые обои как фон по умолчанию: default ...
[1;34m[СБОРКА][0m Явного дефолта не найдено, положен /usr/share/backgrounds/default
[1;32m[ГОТОВО][0m gschemas пересобраны (фон по умолчанию = бренд).
[1;34m[СБОРКА][0m Применяем оверлей brand/iso -> корень ISO...
[1;34m[СБОРКА][0m Контроль брендирования:
[1;34m[СБОРКА][0m   os-release:   /opt/mint-build/Alex Mint/rootfs/etc/os-release:NAME="Alex Mint"
[1;34m[СБОРКА][0m   lsb-release:  /opt/mint-build/Alex Mint/rootfs/etc/lsb-release:DISTRIB_DESCRIPTION="Alex Mint 1.0"
[1;34m[СБОРКА][0m   hostname:     mymint
[1;34m[СБОРКА][0m   mintreport:   /opt/mint-build/Alex Mint/rootfs/usr/lib/linuxmint/mintreport/app.py:1 патчей
[1;34m[СБОРКА][0m   mintwelcome:  /opt/mint-build/Alex Mint/rootfs/usr/lib/linuxmint/mintwelcome/mintwelcome.py:1 патчей
[1;34m[СБОРКА][0m   backgrounds:  10.jpg 11.jpg 12.jpg 13.jpg 14.jpg 3.jpg 4.jpg 5.jpg 6.jpg 7.jpg 8.jpg 9.jpg default linuxmint-wallpapers wallpaper1.png 
[1;34m[СБОРКА][0m   .disk/info:   Alex Mint 1.0
[1;32m[ГОТОВО][0m Стадия 04 завершена: брендирование применено.
[1;32m[ГОТОВО][0m === Стадия 'brand' выполнена ===
[1;34m[СБОРКА][0m === Стадия: prune (/home/alex/mint-src/scripts/08-prune.sh) ===
[1;34m[СБОРКА][0m Готовых ISO-образов нет - убирать нечего.
[1;34m[СБОРКА][0m Логов в архиве: 6 (лимит: 20 файлов).
[1;32m[ГОТОВО][0m Стадия 08 завершена.
[1;32m[ГОТОВО][0m === Стадия 'prune' выполнена ===
[1;34m[СБОРКА][0m === Стадия: roll (/home/alex/mint-src/scripts/05-roll-squashfs.sh) ===
[1;34m[СБОРКА][0m Проверка rootfs: /opt/mint-build/Alex Mint/rootfs (inode: 519511, размер: 10430571992 байт)
[1;34m[СБОРКА][0m Сжимаем squashfs алгоритмом: xz
Parallel mksquashfs: Using 12 processors
Creating 4.0 filesystem on /opt/mint-build/Alex Mint/iso/casper/filesystem.squashfs, block size 131072.

Exportable Squashfs 4.0 filesystem, xz compressed, data block size 131072
	compressed data, compressed metadata, compressed fragments,
	compressed xattrs, compressed ids
	duplicates are removed
Filesystem size 3610848.20 Kbytes (3526.22 Mbytes)
	35.33% of uncompressed filesystem size (10219276.03 Kbytes)
Inode table size 4210714 bytes (4112.03 Kbytes)
	22.44% of uncompressed inode table size (18765255 bytes)
Directory table size 4962394 bytes (4846.09 Kbytes)
	35.62% of uncompressed directory table size (13930681 bytes)
Xattr table size 78 bytes (0.08 Kbytes)
	97.50% of uncompressed xattr table size (80 bytes)
Number of duplicate files found 59280
Number of inodes 519490
Number of files 331244
Number of fragments 15701
Number of symbolic links 163616
Number of device nodes 8
Number of fifo nodes 0
Number of socket nodes 0
Number of directories 24622
Number of hard-links 21
Number of ids (unique uids + gids) 37
Number of uids 19
	root (0)
	_apt (42)
	nm-openvpn (106)
	tss (101)
	dnsmasq (999)
	unknown (119)
	colord (115)
	systemd-network (998)
	usbmux (108)
	alex (1000)
	unknown (117)
	man (6)
	unknown (120)
	unknown (116)
	lightdm (113)
	hplip (112)
	unknown (118)
	avahi-autoipd (104)
	uuidd (102)
Number of gids 30
	root (0)
	dip (30)
	shadow (42)
	systemd-timesync (990)
	tcpdump (106)
	netdev (101)
	systemd-journal (999)
	nogroup (65534)
	lp (7)
	audio (29)
	systemd-network (998)
	crontab (997)
	bluetooth (110)
	plocate (108)
	mail (8)
	staff (50)
	alex (1000)
	uuidd (105)
	lightdm (117)
	man (12)
	avahi (111)
	rdma (120)
	unknown (124)
	saned (116)
	_ssh (107)
	unknown (123)
	tss (103)
	adm (4)
	utmp (43)
	scanner (102)
[1;34m[СБОРКА][0m Пересоздаём casper/filesystem.manifest ...
-rw-r--r-- 1 root root 3,5G сен 22 20:41 /opt/mint-build/Alex Mint/iso/casper/filesystem.squashfs
[1;32m[ГОТОВО][0m Стадия 05 завершена: live-ФС упакована.
[1;32m[ГОТОВО][0m === Стадия 'roll' выполнена ===
[1;34m[СБОРКА][0m === Стадия: mkiso (/home/alex/mint-src/scripts/06-mkiso.sh) ===
[1;34m[СБОРКА][0m BIOS-загрузка: isolinux
[1;34m[СБОРКА][0m UEFI-загрузка: efi.img
[1;34m[СБОРКА][0m Пересчитываем md5sum.txt ...
[1;34m[СБОРКА][0m Сборка ISO: /home/alex/mint-src/output/Alex Mint-1.0-amd64.iso
xorriso 1.5.6 : RockRidge filesystem manipulator, libburnia project.

Drive current: -outdev 'stdio:/home/alex/mint-src/output/Alex Mint-1.0-amd64.iso'
Media current: stdio file, overwriteable
Media status : is blank
Media summary: 0 sessions, 0 data blocks, 0 data, 96.9g free
xorriso : WARNING : -volid text problematic as automatic mount point name
xorriso : WARNING : -volid text does not comply to ISO 9660 / ECMA 119 rules
xorriso : NOTE : -as mkisofs: Ignored option '-cache-inodes'
Added to ISO image: directory '/'='/opt/mint-build/Alex Mint/iso'
xorriso : UPDATE :    1778 files added in 1 seconds
xorriso : UPDATE :    1778 files added in 1 seconds
xorriso : NOTE : Copying to System Area: 432 bytes from file '/usr/lib/ISOLINUX/isohdpfx.bin'
libisofs: NOTE : Automatically adjusted MBR geometry to 1022/248/32
libisofs: NOTE : Aligned image size to cylinder size by 93 blocks
xorriso : UPDATE :  2.79% done
xorriso : UPDATE :  20.82% done
xorriso : UPDATE :  50.33% done
xorriso : UPDATE :  66.61% done, estimate finish Tue Sep 22 20:41:42 2026
xorriso : UPDATE :  74.35% done, estimate finish Tue Sep 22 20:41:43 2026
xorriso : UPDATE :  76.67% done, estimate finish Tue Sep 22 20:41:44 2026
xorriso : UPDATE :  76.86% done, estimate finish Tue Sep 22 20:41:45 2026
xorriso : UPDATE :  78.12% done, estimate finish Tue Sep 22 20:41:46 2026
xorriso : UPDATE :  78.92% done, estimate finish Tue Sep 22 20:41:48 2026
xorriso : UPDATE :  80.79% done, estimate finish Tue Sep 22 20:41:49 2026
xorriso : UPDATE :  81.30% done, estimate finish Tue Sep 22 20:41:50 2026
xorriso : UPDATE :  83.71% done, estimate finish Tue Sep 22 20:41:51 2026
ISO image produced: 2027648 sectors
Written to medium : 2027648 sectors at LBA 0
Writing to 'stdio:/home/alex/mint-src/output/Alex Mint-1.0-amd64.iso' completed successfully.

-rw-r--r-- 1 root root 3,9G сен 22 20:41 /home/alex/mint-src/output/Alex Mint-1.0-amd64.iso
[1;34m[СБОРКА][0m Проверяем casper/filesystem.squashfs в собранном ISO...
[1;32m[ГОТОВО][0m squashfs в ISO читается (сверхблок корректен, размер совпадает: 3697512448 байт).
[1;32m[ГОТОВО][0m Стадия 06 завершена: собран /home/alex/mint-src/output/Alex Mint-1.0-amd64.iso
[1;32m[ГОТОВО][0m === Стадия 'mkiso' выполнена ===
[1;32m[ГОТОВО][0m Сборка завершена. Итоговый образ: /home/alex/mint-src/output/Alex Mint-1.0-amd64.iso
[1;34m[СБОРКА][0m Проверьте образ в QEMU/VirtualBox или запишите на флешку:
[1;34m[СБОРКА][0m   sudo dd if=/home/alex/mint-src/output/Alex Mint-1.0-amd64.iso of=/dev/sdX bs=4M status=progress
